,publishedAt,title,viewCount,수익(단위:$),광고개수,썸네일 얼굴,,,,,
1192,2020-03-05T04:54:29Z,대규모 유상증자를 하면 주가는 어떻게 되나요?,12896,48.65,3,no,,,,,
1831,2019-08-18T10:41:53Z,"단일가매매 이후 주가는 어떻게 되는가? | 단기과열종목(램테크놀러지, 일지테크, 미스터블루)",11024,35.15,1,no,,,,,
1450,2019-12-21T15:52:21Z,26일 신규상장하는 천랩의 2대주주가 라이프리버라고?!,10168,34.84,2,no,,,,,
342,2020-12-31T07:07:59Z,박셀바이오 지금까지 제가 생각하고 느껴왔던 모든 것을 말씀드립니다. 새해복 많이 받으세요~!!,10031,53.12,2,no,,수익(단위:원),일별수익,월별수익,
1569,2019-10-26T02:54:00Z,키움실투대회 돌파매매는 손절이 중요하다. 아무리봐도 마하세븐님같은데 2019-10-25 10시 20분,9533,17.69,1,no,,50000,150000,4500000,
1439,2019-12-29T15:17:11Z,네오파마 만수르가 거짓정보일 수도 있다고?!,8837,36.05,3,no,,30000,90000,2700000,손익분기점
312,2021-01-11T03:45:16Z,메지온 NDA재신청 '이르면 1분기 내'라는 표현이 왜 지연우려감이 된 것일까?! 회사 입장 표명은?!,7083,20.82,1,no,,20000,60000,1800000,
1086,2020-03-21T08:54:26Z,매번 금융위기 때 등장하는 풋옵션 대박. 옵션이란 무엇일까,6589,21.35,2,yes,,,,,
1601,2019-10-16T12:00:23Z,"삼성제약, 11월 임상3상 기대감",6438,19.61,1,no,,,,,
1837,2019-08-17T03:55:14Z,옵토팩 | 투자경고 이후 주가는 어떻게 되는가? | UCI 사례 분석,6262,16.85,1,no,,,,,
1097,2020-03-19T14:25:02Z,한미통화스와프 체결(600억 달러). 환율 1300 가는 줄 알았자너~,6226,17.61,3,yes,,,,,
1081,2020-03-23T05:29:21Z,셀트리온 오후 3시30분 치료제 개발 간담회,6118,,,,,,,,
1695,2019-09-18T14:07:55Z,LSTM으로 주가를 예측해보자 #1 데이터전처리,5857,,,,,,,,
1447,2019-12-23T15:34:17Z,임상2상종료임박? 라이프리버의 헤파스템을 이해해보자,5745,,,,,,,,
1511,2019-11-14T14:52:56Z,[충격]넥스트사이언스는 북한을 넘어갈 수 있다?! 넥사는 무슨 사업을 할까?,5535,,,,,,,,
1339,2020-02-18T16:44:06Z,"저평가 자산주, 메모해놓으세요. 당신이 저평가 가치투자자라면 만족할만한 영상!",5406,,,,,,,,
871,2020-05-28T08:30:37Z,"SK바이오랜드, 인수에 인수를 하면 어떻게 되는 것인가? 한 다리 건너서 SK로 다시 들어갈 수가 있다?! (현대HCN과 SK텔레콤)",5044,,,,,,,,
250,2021-02-02T12:25:43Z,메지온 3월 26일 NDA 재제출?!,5021,,,,,,,,
255,2021-02-01T08:22:41Z,Blomberg에도 한국의 공매도전쟁이 떴다?! 타임스퀘어에 광고가?!,4897,,,,,,,,
873,2020-05-27T13:26:39Z,SK바이오랜드 시간외 하한가 어떻게 바라볼 것인가?,4827,,,,,,,,
665,2020-08-18T09:10:13Z,임상시험에 영향을 주는 bias와 random error,4647,,,,,,,,
827,2020-06-11T11:03:44Z,"셀트리온, 세계9위 제약회사 다케다의 아시아태평양 지역 프라이머리 케어(PC) 사업 인수(영업양수) 공시를 살펴봅니다.",4617,,,,,,,,
1921,2019-07-16T10:29:08Z,"이아이디 | 뭔가가 느껴진다... | 어떤 인물의 등장과 LG와의 관계들... | 전환사채권발행, GE 100%인수, LG화학 입찰 등",4592,,,,,,,,
1441,2019-12-29T07:31:27Z,라이프리버 형님 프로메세라의 헤파스템 임상결과 2편,4499,,,,,,,,
570,2020-09-28T02:23:32Z,넥스트사이언스 진양곤 회장 지분 추가 취득,4433,,,,,,,,
76,2021-03-17T08:46:19Z,"넥스트사이언스 아임얼라이브 콤부차 국제 단체 KBI 등록, 프리바이오틱스 풍부",4335,,,,,,,,
27,2021-03-31T09:01:52Z,넥스트사이언스 매매의 정석: 우연히 저점매수 고점매도를 한 사람이 있다?!,4307,,,,,,,,
282,2021-01-21T12:17:30Z,"셀트리온, 과거 공매도 조사요청한 서회장이 도리어 조사당한 이유?!",4257,,,,,,,,
989,2020-04-19T05:07:11Z,내일 시장에 영향줄만한 주말뉴스모음|대북경협주북한|바이오메디톡스|JP모건자금조달과HELOC중단|미국연은 국채매입 축소,4141,,,,,,,,
31,2021-03-30T07:58:58Z,넥스트사이언스 감사보고서 적정공시 후 시원한 슈팅급등!! 나노젠의 코로나치료제를 부총리와 과학기술부 차관도 접종했다!!,4067,,,,,,,,
241,2021-02-04T06:59:03Z,영국 파이낸셜타임스가 한국의 공매도연장에 대해 비판하는 이유?!,3649,,,,,,,,
261,2021-01-29T05:04:36Z,GAMESTOP(게임스톱)의 폭등에 감마스퀴즈?!,3566,,,,,,,,
1305,2020-02-20T10:46:51Z,메뚜기 떼가 온다,3551,,,,,,,,
281,2021-01-22T05:52:43Z,셀트리온 27일 중앙약심 자문 결과로 사실상 허가 결정?!,3510,,,,,,,,
337,2021-01-04T08:18:33Z,박셀바이오의 첫 매출은 언제?!,3478,,,,,,,,
306,2021-01-13T14:47:16Z,셀트리온 항체치료제 임상2상 결과 어떻게 해석해야 할까?,3461,,,,,,,,
1452,2019-12-20T17:40:11Z,"넥스트사이언스와 나노젠, 진회장님과 호난회장님",3333,,,,,,,,
259,2021-01-30T03:52:37Z,Wallstreetbets 역사상 가장 위대한 전설! GAMSTOP으로 300억원 수익?!,3319,,,,,,,,
1813,2019-08-28T11:37:00Z,신라젠 | 미수신용몰빵한강이 남일이 아닌 현실이 되고 있습니다. 억대손실이 다수 발생하는 등 사태가 심각합니다,3310,,,,,,,,
1531,2019-11-05T12:24:18Z,에이비엘바이오를 알아보자. 대표에게서 진짜의 냄새가 난다. 11건 임상시험과 파맵신 설립,3243,,,,,,,,
1051,2020-04-01T13:21:32Z,"셀트리온 블록딜, 한은달러조달추가, 대기업은행대출폭증",3060,,,,,,,,
839,2020-06-08T09:03:13Z,유한양행이 준비중인 3가지 파이프라인은(CNS/이중항체/면역항암제)? 신라젠 검찰 결과 발표는?,2999,,,,,,,,
838,2020-06-03T12:39:07Z,두산중공업이 아닌 두산인프라코어를 인적분할하는 방법의 목적은?,2973,,,,,,,,
285,2021-01-21T08:23:02Z,셀트리온 과거 공매도와 싸우던 서정진 회장의 한마디?!,2966,,,,,,,,
1599,2019-10-16T13:56:58Z,"필룩스, 임상2상 기대감과 면역항암제",2937,,,,,,,,
1912,2019-07-19T11:22:56Z,국일제지 | 안 떨어지는 거 보고 눈치챘어야 했는데... | 무시무시한 종목입니다. | 수소차 그래핀,2899,,,,,,,,
1694,2019-09-18T14:30:17Z,LSTM으로 주가를 예측해보자 #2 모델생성 및 평가... 완성 아니고 맛보기입니다.,2850,,,,,,,,
1792,2019-09-02T12:06:42Z,"키움HTS에서 호가창복기하는 방법, 호가창도 중요하지만 더 중요한 건 따로 있습니다  윙입푸드",2802,,,,,,,,
1613,2019-10-09T08:58:28Z,"헬릭스미스, 주가급락에 증여 취소가 가능하다고?! (패 보고나서 베팅하기)",2601,,,,,,,,
252,2021-02-01T10:55:21Z,게임스톱 레딧사용자들은 은(silver)시장으로 이동?! JP모건 시장 조작?! spoofing,2540,,,,,,,,
1119,2020-03-16T09:17:41Z,금리인하 후 왜 미국은 폭락하고 한국도 반응하지 않을까요,2536,,,,,,,,
343,2020-12-30T09:16:01Z,전환사채를 이용해 주식회사 주가조작을 한 대표이사가 있다?! (f. 대법원 판결),2524,,,,,,,,
1126,2020-03-14T09:08:25Z,개별주식선물 판도라의 상자를 연다,2504,,,,,,,,
1835,2019-08-17T05:13:54Z,"투자경고종목 총집합 | 플레이위드, 미스터블루 비교 | 남영비비안, 신성통상, 그리고 국일제지",2484,,,,,,,,
231,2021-02-08T16:31:38Z,메지온 미국허가를 전제로 내부적인 준비작업 시작?!,2438,,,,,,,,
1036,2020-04-07T11:12:16Z,"넥스트사이언스, 진양곤회장님이 지분 계속 취득한 이유",2425,,,,,,,,
1090,2020-03-21T07:10:20Z,증권사가 마진콜을?! 주식시장의 하락을 가속화할 수 있는 첨단금융의 위험요인,2422,,,,,,,,
842,2020-06-03T12:08:32Z,두산→두산중공업→두산인프라코어→두산밥캣 | 두산솔루스 매각흥행이 저조한 상황에서 빚을 어떻게 갚을 것인가?,2419,,,,,,,,
1075,2020-03-23T09:41:16Z,셀트리온의 바이오의약품 단계별 생산 공정,2404,,,,,,,,
818,2020-06-15T12:26:16Z,미국 옵션만기일 이번주 6월19일 금요일입니다. | 열역학 엔트로피 '증가'의 법칙을 응용한 정보 엔트로피는 '감소'할 수 있다. 어떤 경우에? | 권리공매도 하는 방법,2308,,,,,,,,
1497,2019-11-25T08:41:06Z,소프트센 매각 말고 또다른 이슈가 있는가?,2282,,,,,,,,
1701,2019-09-18T10:55:43Z,인공지능으로 주식가격을 예측해보자. 똑같이 따라하면 누구든 할 수 있습니다. 기대해주세요.,2278,,,,,,,,
1195,2020-03-04T14:45:26Z,빅토리주식TV님의 실시간 스트리밍,2278,,,,,,,,
1652,2019-09-27T10:38:58Z,"헬릭스미스, 더벨골드만삭스매수의견",2194,,,,,,,,
1276,2020-02-26T03:50:13Z,와... 털릴 뻔 했습니다,2191,,,,,,,,
271,2021-01-26T12:18:45Z,셀트리온 27일 오후 2시 중앙약심 렉키로나주 결정?!,2185,,,,,,,,
712,2020-07-31T09:46:42Z,유한양행으로부터 얀센이 Li한 레이저티닙이 NSCLC 직접비교 임상3상에 들어갑니다. (병용과 단독),2137,,,,,,,,
1107,2020-03-18T06:33:35Z,[실시간녹화영상] 시장폭락의 전조현상. 너무나도 비정상적인 주가흐름,2116,,,,,,,,
2042,2019-05-14T10:16:30Z,"국일제지, 수급단타왕님 폭풍단타, 호가창과 차트 분석 #1편",2070,,,,,,,,
1093,2020-03-20T12:23:23Z,"'아~나는 손절이 잘 안 나가'하시는 분 보세요. HTS 잔고편입 자동매도하는법,",2040,,,,,,,,
1392,2020-01-18T03:52:55Z,넥스트사이언스|포브스 2020년 이끌 10대 식품으로 콤부차 선정,2032,,,,,,,,
1945,2019-07-03T10:20:13Z,"국일제지 | 응?? 왜 안 떨어져?! | 몰라..뭐야, 그거..무서워... | 그래핀테마주",1987,,,,,,,,
1079,2020-03-23T08:19:02Z,[개발현황발표]셀트리온 이왕 개발하는 거 우리가 감기까지 끝내버리겠다,1965,,,,,,,,
1024,2020-04-09T11:55:20Z,"[구조조정]두산솔루스, 두산그룹 매각관련주 | 두타몰 매각 유력",1964,,,,,,,,
283,2021-01-22T07:04:19Z,"셀트리온, EMA 제출자료 해킹?!",1953,,,,,,,,
229,2021-02-09T04:09:56Z,옵티머스 뒤에 모피아가 있었다?! 하나은행은 왜 느슨했을까,1935,,,,,,,,
272,2021-01-26T06:55:05Z,셀트리온 정부 임상지원 3차공모에 선정?!,1916,,,,,,,,
1919,2019-07-16T10:53:06Z,후성 | 1등주와 2등주(동진쎄미켐)는 상한가마감 뿐만 아니라 다음 날 주가에서도 차이가 납니다 . | 갭상승과 갭하락,1891,,,,,,,,
1223,2020-03-03T07:11:15Z,넥스트사이언스 왜 장내매수했을까? 뉴스에 따른 지분확대 이유,1851,,,,,,,,
478,2020-11-09T09:13:43Z,[자율주행차] 남성은 아마존의 차량용 AI비서 '알렉사 오토'를 탑재한 인포테인먼트 기기를 세계 최초로 개발했습니다.,1847,,,,,,,,
1177,2020-03-07T05:18:11Z,증권사 총액인수 사례,1839,,,,,,,,
1688,2019-09-20T11:59:00Z,인공지능으로 주식가격예측하기 #1 데이터수집하기,1832,,,,,,,,
278,2021-01-24T14:41:32Z,셀트리온 2017년 폭풍상승 때 어떤 이슈와 재료가 있었을까?,1814,,,,,,,,
1017,2020-04-11T01:39:41Z,[뉴스]서로 반대로 배팅하는 개미들|두산솔루스하락이유|KB금융 푸르덴셜인수|해외공장셧다운|EU경기부양합의|원유감산협상|한은CP|배달의민족|자산매각,1811,,,,,,,,
1996,2019-06-08T03:18:33Z,알서포트 | 실적이 가시화되는 테마주는 2배 이상 간다! | 위닉스 사례 비교 | 5G테마주 | 원격지원시장 수혜주,1788,,,,,,,,
2020,2019-05-25T07:32:57Z,"한진칼, 제가 맞췄습니다. 역시 리노님은 매매하셨습니다!! 리노님 영상에 없는 앞시간대 매수호가창분석",1753,,,,,,,,
1432,2020-01-02T12:01:33Z,한용해 바이오사업부 박사의 영입이유는 스크리닝?,1747,,,,,,,,
1378,2020-02-03T06:40:07Z,에코프로비엠 465%라고? 2차전지와 리튬,1704,,,,,,,,
705,2020-08-03T08:46:34Z,'조폭'이 관여한 주가조작은 어떻게 이뤄지는가 #1 옵티머스와 해덕파워웨이는 판박이?,1689,,,,,,,,
1224,2020-03-03T06:49:46Z,넥스트사이언스 진양곤회장님 지분확대 공시해석,1665,,,,,,,,
2058,2019-05-10T14:06:35Z,"KEC, 고수와 중수의 호가창 매수타점의 차이. 초절정 고수의 매매. 월화수목금. 키움실전투자대회1위",1641,,,,,,,,
1104,2020-03-18T10:08:45Z,[리픽싱]CB투자불패론|하락장에 상대적 박탈감을 줍니다,1612,,,,,,,,
1507,2019-11-18T10:03:55Z,넥스트사이언스 단디바이오의 파이프라인,1605,,,,,,,,
1923,2019-07-15T11:07:53Z,후성(상한가) | 1등주와 2등주(동진쎄미켐)의 차이를 알려드립니다  | 일본수출규제 | 동진쎄미켐 | 18일 2차 수출규제 예정?,1601,,,,,,,,
1676,2019-09-22T05:01:02Z,인공지능으로 주식가격예측하기 #12 주식가격예측해보기,1586,,,,,,,,
1018,2020-04-10T12:40:49Z,[증권신고서]롯데칠성음료|톱텍이 나노마스크를 고집한 이유,1556,,,,,,,,
1820,2019-08-27T11:30:11Z,에스엔텍 |  작정하고 기업을 해쳐먹으려는 의도. 공시를 보면 알 수 있습니다.,1555,,,,,,,,
1028,2020-04-09T10:27:10Z,"[관상매매]오늘 저녁 11시 OPEC 원유감산회의가 있습니다|미국, 러시아, 사우디",1527,,,,,,,,
1376,2020-02-04T02:52:44Z,에코프로비엠 2.74조 수주 공시는 예정된 공시였다?! 다음 공시는? 리튬이온전지의 작동원리,1518,,,,,,,,
1026,2020-04-09T12:27:08Z,"[유가]푸틴, 트럼프사우디와 얘기할 계획 없다 | 원유ETN단일가매매 시행",1508,,,,,,,,
1007,2020-04-12T05:58:06Z,증권사 망하면 내 주식은 어떻게 되나요? 예금자보호법,1474,,,,,,,,
1532,2019-11-05T11:12:37Z,"LS전선아시아, 극저온(영하196도)에서 전기저항이 0이 되는 물질로 송전손실이 거의 없다. 초전도 케이블",1468,,,,,,,,
256,2021-02-01T02:49:29Z,GAMSESTOP(게임스톱)은 미국개미의 울분과 설움이 실려 있는 묵직한 한방?!,1458,,,,,,,,
2025,2019-05-23T13:00:22Z,"인콘, 상한가, 액면병합(주식병합), 제3자배정유상증자, 제이스테판, 에치에프알, 호가창, 차트",1448,,,,,,,,
1659,2019-09-25T12:05:29Z,"헬릭스미스(Helixmith), 루머는 현실이 되었다.",1443,,,,,,,,
467,2020-11-12T14:47:39Z,[종목브리핑] 모더나(Moderna)는 11월 말에 mRNA 백신 임상 결과를 발표합니다. 관련주(파미셀/엔투텍/에이비프로바이오/바른손),1436,,,,,,,,
1491,2019-11-26T03:00:51Z,"SK우, FDA승인 순환매(SK바이오랜드)",1436,,,,,,,,
266,2021-01-26T15:07:13Z,셀트리온은 긴급사용승인이 아닌 정식 허가단계?!,1430,,,,,,,,
455,2020-11-17T13:31:54Z,[단타매매] 녹십자홀딩스 경영권 분쟁 가능성? 혈장치료제 치료목적사용승인,1424,,,,,,,,
1019,2020-04-10T08:57:23Z,[초록뱀 매매복기] 차트와 호가창 매매영상에서 알려주지 않는 진짜 비기,1421,,,,,,,,
1904,2019-07-28T00:47:27Z,경인양행 | 동진쎄미켐과 바톤터치 | 일본수출규제(포토레지스트) | 테마순환 | 플루오린 폴리이미드 | 상한가,1409,,,,,,,,
1103,2020-03-18T10:57:36Z,[공매도금지]시장조성자제도 무엇이 바뀌었는가,1375,,,,,,,,
1255,2020-02-22T09:30:41Z,Python \를 출력하고 싶어요,1370,,,,,,,,
1987,2019-06-19T11:23:16Z,나노메딕스 | 그래핀테마주 합류(크리스탈신소재) | 짐로저스회장님이 왜 여기서 나오심??,1338,,,,,,,,
1020,2020-04-10T10:04:58Z,Fed 정크본드 매입|빌게이츠 문대통령 극찬|워렌버핏 한달간 4조원,1337,,,,,,,,
1501,2019-11-22T15:56:50Z,한류AI센터는 왜 자꾸 오를까?,1318,,,,,,,,
1941,2019-07-05T10:41:52Z,줌인터넷 | 소프트뱅크 손정의 회장님이 한국에 와서 인공지능 떡상을 외치셨습니다 | 가.즈.아!,1311,,,,,,,,
1446,2019-12-25T05:38:55Z,산타랠리를 아시나요? ( feat.대주주 요건 ),1307,,,,,,,,
438,2020-11-19T14:53:05Z,코리아센터(아마존) SM C&C(11번가) 대한과학(냉동고) 유라테크(세종시) 일신바이오(콜드체인) 켐온(아스트라제네카) 우정바이오(이동병실),1300,,,,,,,,
1109,2020-03-18T02:15:48Z,"금융위, 사실상 공매도 가능한 시장조성 제도 일부 변경",1297,,,,,,,,
1125,2020-03-15T04:12:46Z,유동성공급자(LP)의 수익모델은? 어떻게 호가를 제출하나요?,1296,,,,,,,,
1499,2019-11-24T07:57:50Z,인트로메딕은 왜 급등하다가 급락했을까?,1289,,,,,,,,
1071,2020-03-24T10:34:10Z,[시황] 연준(Fed): 하.. 내가 필살기까지는 안 쓰려고 했는데,1276,,,,,,,,
1458,2019-12-13T10:08:55Z,"유심칩해킹, 사실 우리는 도청당하고 있었다",1241,,,,,,,,
1080,2020-03-23T07:56:03Z,[개발현황발표]셀트리온 치료제개발 프로세스 어디까지 완료됐고 남은 절차는 무엇일까,1241,,,,,,,,
1543,2019-11-04T12:35:52Z,"나노메딕스, 방사능 오염수 해결할 수 있는 기업, 한중 '후쿠시마 오염수 해양방류 대응 공동노력', 그래핀정수",1239,,,,,,,,
1089,2020-03-21T07:41:27Z,환율이 급격하게 올랐던 이유. 너네 사정은 모르겠고 달러 가져와 달러!!,1238,,,,,,,,
473,2020-11-10T10:43:55Z,[경영권 분쟁] KMH 1강. 2대 주주 키스톤PE가 임시 주주총회 소집을 청구하다.,1215,,,,,,,,
2017,2019-05-27T12:09:57Z,"국일제지, 3시19분에 무슨 일이??",1212,,,,,,,,
984,2020-04-20T11:17:38Z,Fed(미연준)홈페이지에 들어가보았습니다,1202,,,,,,,,
824,2020-06-12T00:20:11Z,"통계적 유의미성을 보여주는 probability value, P-해킹이란 무엇일까? | 유상증자 신주상장 전전일에 매도할 수 있나요?",1194,,,,,,,,
1891,2019-07-30T11:48:15Z,솔브레인 | 고순도 불화수소 진정한 대장주가 되는건가? | 후성,1179,,,,,,,,
1723,2019-09-14T02:06:49Z,"KNN, 상승 호가창, 상승 후 고점징후 호가창, 돈 많이 버세요",1175,,,,,,,,
1909,2019-07-23T11:17:35Z,[돌파매매][상한가] 국일제지 | 지뢰를 피하듯이 들어가지 않을 자리를 구별하는 것은 중요합니다.,1174,,,,,,,,
244,2021-02-04T02:08:04Z,게임스탑 숏스퀴즈의 원조격이었던 폭스바겐 공매도 사건?!,1170,,,,,,,,
1853,2019-08-10T07:04:25Z,케이엠더블유 | 다가올 5G 대세상승을 주도할 대장주후보입니다. | 하락장이 끝나면 상승장도 오기 마련입니다.,1150,,,,,,,,
1956,2019-06-30T02:11:59Z,현대바이오 | 내가 호가창을 보는 이유?? | 지난차트를 보면 같은 패턴이 보입니다.,1146,,,,,,,,
334,2021-01-05T02:43:51Z,셀트리온 13일에 임상 2상 결과 조기발표?!,1140,,,,,,,,
1273,2020-02-26T06:24:16Z,[하이쎌특집] 진양곤회장님이 떠난 하이셀의 마지막은 어떻게 되었는가?,1139,,,,,,,,
990,2020-04-18T06:21:39Z,주말뉴스|지방아파트도 하락세|위기느낀 현대차노조|삼성전자1위뺏기다|베트남방역|행동경제학|4월 회사채 유동성 괜찮은가?,1120,,,,,,,,
1508,2019-11-17T14:22:01Z,ISDS 제소 천문학적인 청구가액 최근문제 심각하다. 론스타 외환은행 헐값매각사건 ISD제소 그 이후...,1116,,,,,,,,
450,2020-11-19T11:40:16Z,헬릭스미스(블록딜)에이비프로바이오(네이처)비트컴퓨터(원격의료)제넥신(백신)태림포장(아마존)바이오톡스텍(셀트리온)유나이티드제약진매트릭스(아스트라제네카)필룩스(제넨셀)위지트(비트코인),1112,,,,,,,,
1279,2020-02-26T05:00:18Z,[하이쎌특집] 하이쎌회장시절의 진양곤회장님의 경영철학 #1,1109,,,,,,,,
1027,2020-04-09T10:51:22Z,셰일기업 파산이 남 이야기가 아니라 내 이야기였네 | 롤오버 슈퍼콘탱고,1105,,,,,,,,
1025,2020-04-09T09:18:44Z,서울아파트값 하락폭 본격화 | 라임에서 에이치엔티 그리고 코디엠까지(+에스모),1100,,,,,,,,
1691,2019-09-19T14:23:18Z,"주가예측 전, 모델들과 친해지자. LSTM AutoEncoder #1 sequence data 만들기",1093,,,,,,,,
1459,2019-12-05T06:23:05Z,"케이엠더블유, 주파수 대역폭의 주파수란 무엇일까?",1092,,,,,,,,
1498,2019-11-24T09:44:48Z,고려신용정보 배당이 알차네!,1086,,,,,,,,
686,2020-08-10T11:07:41Z,"[정보][유한양행]오픈이노베이션의 성과, 주요 파이프라인은 12개입니다",1085,,,,,,,,
1968,2019-06-26T11:57:37Z,현대바이오 | 왜 1등주만 매매해야 하는지 증명해드립니다. | 췌장암테마주,1077,,,,,,,,
2092,2019-04-26T13:22:31Z,"국일제지, 기술을 몰라도 투자하는 데는 전혀 문제 없다. 구글만 알아도 된다. 실전투자대회2위 월화수목금 매매분석",1076,,,,,,,,
1463,2019-12-12T00:45:27Z,유니콘기업 에이프로젠은 무슨 사업들을 할까?,1074,,,,,,,,
1500,2019-11-23T03:43:30Z,비덴트의 빗썸 인수 어떻게 진행되고 있을까?,1065,,,,,,,,
1457,2019-12-09T10:05:47Z,"케이엠더블유(KMW), 내년 매출 1조원돌파, 지분법이란?",1065,,,,,,,,
547,2020-10-10T00:28:19Z,반신욕으로 비만관리하자,1058,,,,,,,,
1858,2019-08-09T10:51:51Z,"상상인 | 떨어지는 칼날에도 상도덕은 있는 겁니다. 지켜줘야 할 자리 | 차트(지지와저항, 박스권)",1049,,,,,,,,
1952,2019-07-01T13:09:45Z,넷마블 | 장기추세는 강력합니다. | BTS월드,1032,,,,,,,,
1922,2019-07-15T11:29:16Z,팍스넷 | 주식시장은 무섭습니다... | 윗꼬리음봉 | 하루만에 반토막이 날수도 있습니다. 그래서 더더욱 공부하고 지뢰를 피해 다녀야 합니다.,1032,,,,,,,,
1989,2019-06-14T16:56:11Z,동성제약 | 호가창 분석 | '나 말리지마봐' | 요즘 시장 트렌드는 미친 척 급등하기,1026,,,,,,,,
2076,2019-05-03T14:10:56Z,"흥구석유 상따,  빠르고 깔끔한 단타매매, 월화수목금=마하세븐님일수도 있다! 실전투자대회 1억리그 1위 매매내역 분석",1021,,,,,,,,
1994,2019-06-10T10:20:03Z,나무기술 | 대세는 5G다! | 클라우드 컴퓨팅 | 5G 인프라 수주 | 시장주도섹터에서 매매하면 성공확률이 더 높지 않을까,1019,,,,,,,,
1060,2020-03-26T09:48:35Z,[시황] 한국은행도 미국에 이어 필살기 씁니다. 양적완화 RP매입,1016,,,,,,,,
1037,2020-04-07T10:27:51Z,WTI 롤오버 기간입니다 | 국가부채 1700조 | 베이징 공장 가동률 90% | 증안펀드 9일,1012,,,,,,,,
976,2020-04-23T05:18:59Z,인버스매매 실패복기. 백만원 넘게 날렸습니다. 참회하겠습니다.,1007,,,,,,,,
1471,2019-12-05T02:24:21Z,"케이엠더블유, 애플도 참전하는 5G전쟁. KMW와 무슨 관계?",1003,,,,,,,,
468,2020-11-12T13:35:23Z,[인수합병] 대한항공이 아시아나항공 인수를 검토 중입니다. 세계 10위 초대형 국적항공사가 탄생하나?,996,,,,,,,,
2040,2019-05-14T10:52:29Z,"국일제지, 수급단타왕님 폭풍단타, 호가창과 차트 분석 #3편 돌파하는 호가창",991,,,,,,,,
1848,2019-08-12T12:44:12Z,거래원 못 보는 빅토리가 거래원 보는 팁을 알려드립니다. 은근 꿀팁,991,,,,,,,,
1687,2019-09-20T12:10:58Z,인공지능으로 주식가격예측하기 #2 데이터로드하기,988,,,,,,,,
1917,2019-07-17T13:02:03Z,솔브레인 | 후성을 넘어설 실수혜주?,986,,,,,,,,
1886,2019-08-01T11:39:59Z,"램테크놀러지도 시총만 다르지, 솔브레인과 판박이?! | 네이버증권 뉴스 나오는 날짜 정도는 이제 쉽게 맞출 것 같습니다. | 후성은 언제 기사 나오려나",982,,,,,,,,
1854,2019-08-10T06:38:34Z,헬릭스미스 | 처음 보는 종목이 시총이 높길래 이상하다 했는데 (구)바이로메드였습니다.,978,,,,,,,,
1070,2020-03-24T11:03:13Z,[무제한QE] 미연준이 매입하는 MBS(주택저당증권)은 무엇일까,974,,,,,,,,
1744,2019-09-12T02:51:08Z,"헬릭스미스, 최근 시세의 강함을 차트에서 발견할 수 있습니다",966,,,,,,,,
1506,2019-11-18T11:27:20Z,메지온 유데나필임상3상결과해석,966,,,,,,,,
1503,2019-11-21T14:24:43Z,상상인은 왜 하락했을까?,964,,,,,,,,
1615,2019-10-07T12:41:49Z,"주식공부 단타스윙 고수들 다 오세요(뉴스재료에 따른 호가창,차트 타점)",954,,,,,,,,
2078,2019-05-03T13:09:44Z,"대한광통신, 모르고 예시를 들었는데 같은 테마주?!!, 동성제약에 이은 정석매매(장대양봉 다음 거래량 줄은 음봉 종가베팅)",954,,,,,,,,
1836,2019-08-17T04:33:02Z,고려시멘트 | 투자경고 가격 계산하는 법 | 똑같은 투자경고종목차트(플레이위드와 UCI) | 엔케이물산,951,,,,,,,,
1984,2019-06-20T11:09:08Z,미래산업 | 공시는 주가위치와 함께 봐야한다. | 공시 다음 날 호가창 살펴보기 | 취득가 계산법,946,,,,,,,,
1677,2019-09-22T04:16:48Z,인공지능으로 주식가격예측하기 #11 훈련시키기,941,,,,,,,,
1150,2020-03-11T11:52:06Z,내일 공매도금지종목 어디에서 확인할 수 있나요,937,,,,,,,,
2041,2019-05-14T10:32:53Z,"국일제지, 수급단타왕님 폭풍단타, 호가창과 차트 분석 #2편",932,,,,,,,,
1504,2019-11-21T12:58:26Z,"STX중공업, 보호예수기간 만료되면 대량물량출회로 주가가 하락할까?",924,,,,,,,,
1100,2020-03-19T06:21:13Z,[실시간]서킷동시호가이후 시장상황 너무 심각합니다. 하루하루 최악을 갱신 중,921,,,,,,,,
1877,2019-08-03T13:54:14Z,[상한가] 국보 | 네이버증권에 뉴스가 없을 때 자료를 찾아나가는 과정 | 크리스국보 변경상장 | 가드레일,917,,,,,,,,
701,2020-08-04T11:55:18Z,[공시][네이버]라인과 소프트뱅크의 야후재팬의 경영통합은 문제 없다고 일본 공정위가 결론내렸습니다.,905,,,,,,,,
1708,2019-09-16T11:19:57Z,"헬릭스미스, 시초가부터 낌새가 보인다. 라운드피겨(0000)는 정말 중요한 가격입니다.",903,,,,,,,,
1933,2019-07-11T11:25:45Z,미스터블루 | 현실적으로 2차상승을 노린 매매를 해야 합니다. | 모바일게임출시(플레이위드 비교),903,,,,,,,,
1102,2020-03-19T03:02:08Z,[실시간]시황 어제는 맛보기였다. 본격 하락 시작,902,,,,,,,,
1530,2019-11-05T12:57:02Z,"에이비엘바이오, 이중항체는 파이프라인을 대폭 늘리는 장점이 있다. 단기LO에 강점을 가지는 에이비엘바이오와 찰떡궁합. 느낌 좋은데?",901,,,,,,,,
2021,2019-05-24T12:00:05Z,"한진칼, 리노님이 돌을 던졌나?  호가창 살펴보기",894,,,,,,,,
1573,2019-10-25T13:37:10Z,"키움실전투자대회, 단타고수란 고수는 다 들어와있던 종목(메가엠디)",881,,,,,,,,
703,2020-08-03T11:11:10Z,시세조종 '딸깍이'가 관여한 주가조작은 어떻게 이뤄지는가 #3,868,,,,,,,,
1902,2019-07-28T03:01:07Z,명성티엔에스 | 반도체 다음 일본수출규제는 2차전지? | 아직 품목 발표나지 않은 기대감 상한가 특징 | 2차 전지 핵심3요소 중 하나인 분리막,864,,,,,,,,
1502,2019-11-22T08:51:45Z,상한가를 갔던 부산주공은 왜 시간외 하한가를 가게 되었을까?,863,,,,,,,,
1047,2020-04-02T11:53:46Z,온갖 수단에도 CP금리가 잡히지 않고 상승하는 이유(부동산). 2008년 서브프라임모기지사태 금융위기가 떠오르는 건 왜 일까요,860,,,,,,,,
1096,2020-03-20T08:33:23Z,장마감 브리핑 즐거운 주말 보내세요.,858,,,,,,,,
1873,2019-08-03T23:15:48Z,"아진산업 | [호가창 고점] 매도는 위로쌓던가, 아래로던지던가 두 개 밖에 없습니다 | 화이트리스트 제외(탄소섬유)",856,,,,,,,,
471,2020-11-10T12:18:34Z,[경영권 분쟁] KMH 3강. 술래잡기? CB를 인수하자마자 매각한 이유,856,,,,,,,,
1992,2019-06-11T13:55:38Z,샘코 | 단기 5배 상승 실화?? | 급등주는 적자가 더 잘 간다!! | 마지막은 무섭게 빼는 폭락 호가창 관찰 | 제3자배정유상증자 | 아스트와 비교,845,,,,,,,,
1698,2019-09-18T12:12:43Z,"한창, 금강산 관광 재개 기대감, 거래량실린장대양봉 다음 거래량줄은음봉 다음은?!",843,,,,,,,,
226,2021-02-11T06:44:13Z,메지온 P-Value가 변동된 이유는 무엇일까?,841,,,,,,,,
1864,2019-08-07T12:08:19Z,"상상인 | 분노의 회장님이 주가방어하러 나오셨습니다. | 최대주주반대매매, 신라젠 투자손실, 메자닌 투자손실 모두 루머!!",841,,,,,,,,
1170,2020-03-03T06:14:41Z,[공매도] 디렉셔널 신한금융투자 P2P 주식대여서비스,838,,,,,,,,
1906,2019-07-23T14:08:41Z,KOSEF통안채1년 | 차트를 둘러보다가 신기한 ETF를 발견했습니다 | 알아둬서 나쁠 것 없는 통안채,836,,,,,,,,
1927,2019-07-13T09:30:19Z,신흥에스이씨 | 증권사리포트가 아닌 리포트가 있다?! | 게다가 엄청 자세하다!! | 2차전지,831,,,,,,,,
1690,2019-09-19T14:44:06Z,"주가예측으로 가기 위한 험난한 여정, LSTM AutoEncoder #2모델생성 및 예측",829,,,,,,,,
1702,2019-09-17T12:51:07Z,"헬릭스미스, first-in-class? best-in-class? 임상 결과 발표가 코앞",828,,,,,,,,
1120,2020-03-16T08:46:11Z,금리인하인데 시장이 반응을 왜 안하나요,827,,,,,,,,
1678,2019-09-22T03:32:39Z,인공지능으로 주식가격예측하기 #10 신경망 구축하기,822,,,,,,,,
503,2020-10-24T14:10:55Z,종이 필터로 추출된 커피를 마셔야 하는 이유,820,,,,,,,,
2010,2019-05-29T12:02:14Z,"국일제지, 상한가에서 -5%까지... ' 뉴스에 팔아라!'격언에 해당하는 사례, 하락호가창",817,,,,,,,,
902,2020-05-14T12:55:59Z,미연준(Fed) 파월 연설 내용은? #2,816,,,,,,,,
1101,2020-03-19T03:25:01Z,[실시간]시장상황 코스피코스닥 서킷브레이커(CB1) 발동 실시간,814,,,,,,,,
1072,2020-03-24T00:53:21Z,[SCALPING] Korea Stock Trader 셀리버리 비씨월드제약 씨젠 셀트리온헬스케어,812,,,,,,,,
799,2020-06-24T10:30:16Z,SK바이오팜 7월2일 상장합니다. 이틀간 청약경쟁률은 얼마였을까? 안분배정이란?,808,,,,,,,,
1044,2020-03-31T03:02:47Z,[SCALPING]Korea Trader|아난티|셀트리온헬스케어,796,,,,,,,,
1088,2020-03-21T08:15:52Z,삼성전자의 주력사업과 파운드리 시장,794,,,,,,,,
1890,2019-08-01T10:12:26Z,파미셀 | 종목발굴법 꿀팁공개 | 네이버인기검색순위를 관찰하는 것도 중요합니다.,783,,,,,,,,
1470,2019-12-09T11:47:57Z,"케이엠더블유, 스웨덴 기업을 미국법률로 처벌한다고?! 뇌물 1조3천억 벌금! 에릭슨",781,,,,,,,,
1930,2019-07-12T11:14:38Z,"케이엠더블유 | 실적이 가시화되는 테마주는 뭐다?? | (위닉스, 알서포트 비교) | 5G테마주 | 어닝서프라이즈",780,,,,,,,,
1955,2019-06-30T02:41:59Z,일신석재 | 내가 호가창을 보는 이유2 실전예제 | 지지선(저점)이 잡히는 걸 호가창으로 봅니다.,780,,,,,,,,
1938,2019-07-08T11:53:23Z,켐트로스 | 시장주도테마는 거래대금상위종목을 살펴보면 알 수 있습니다. | 일본수출규제테마,776,,,,,,,,
1962,2019-06-28T10:46:46Z,파세코 | 주식시장도 신상을 좋아합니다. | 반복되는 계절주 | 신일산업 비교,771,,,,,,,,
1495,2019-11-25T11:56:07Z,"빗썸거래소와 관련된 상장사들 간의 지분구조(비덴트, 버킷스튜디오, 빗썸홀딩스, 아이오케이, CB)",769,,,,,,,,
1947,2019-07-03T09:19:56Z,후성 | '우리아이가 달라졌어요' | 평소 장대양봉의 상승한계치(8%)를 가뿐히 넘어버렸습니다(17%),768,,,,,,,,
1151,2020-03-11T10:19:48Z,공매도금지종목들은 오늘 어떤 움직임을 보였을까,766,,,,,,,,
2057,2019-05-10T14:21:38Z,"동성제약, 키움실전투자대회1위 월화수목금님 종베, 췌장암 테마주",759,,,,,,,,
1034,2020-04-08T02:34:21Z,[동학유가운동] LP가 없는 시장에 개미가 왕입니다. WTI 괴리율이 점점 더 커지고 있습니다. 원유 ETF와 ETN 차이,758,,,,,,,,
470,2020-11-10T13:00:08Z,[경영권 분쟁] KMH 4강. 임시주총에서 2대주주인 키스톤PE가 승리한 이유,757,,,,,,,,
704,2020-08-03T10:00:20Z,엘리트 출신 '설계기술자'가 관여한 주가조작은 어떻게 이뤄지는가 #2,757,,,,,,,,
1518,2019-11-12T11:30:32Z,"[상한가] 에어부산,유니슨,엔시트론,한류AI센터,데일리블록체인,HDC아이콘트롤스",753,,,,,,,,
1857,2019-08-09T11:15:21Z,[상한가] 미스터블루 | 1차 저점을 잡기 어려워 보이지만 지지와저항을 안다면 가능합니다. | 에오스레드 출시 기대감,752,,,,,,,,
1843,2019-08-15T07:42:06Z,헬릭스미스 | 기대감으로 인한 주가상승 예측의 어려움과 매매적용방법,749,,,,,,,,
2096,2019-04-24T11:03:27Z,"한진칼, 시간외단일가에 지분싸움 호재발생, 키움실전투자대회 1억리그 상위자들은 종가보다 높아도 큰 금액 매수했다!! 매수타점은 차트, 호가창에만 있는 게 아니다",748,,,,,,,,
1668,2019-09-24T08:10:20Z,"헬릭스미스, 결과설명회(24일)를 브리핑해드립니다.",746,,,,,,,,
1593,2019-10-18T13:23:22Z,"윌비스, 차기 법무부장관 테마주(전해철 의원)",739,,,,,,,,
2077,2019-05-03T13:51:16Z,"에이프로젠KIC, 단타매매의 정석 느낌(손절), 키움실전투자대회1억리그 1위 월화수목금님 매매분석",736,,,,,,,,
1043,2020-04-02T00:47:53Z,"[SCALPING] Korea Stocktrader 다날, 신라젠, 케이엠더블유, 서울반도체",736,,,,,,,,
237,2021-02-04T13:12:49Z,기업과 증권사SPC 간의 TRS거래가 대출과 유사한 이유?! SK와 미래에셋대우 사례,734,,,,,,,,
994,2020-04-16T10:34:29Z,어디까지 상승할까? 상상력을 넓혀주는 영상 | 한국은행통화신용정책보고서를 보다가...,734,,,,,,,,
1703,2019-09-17T12:17:03Z,"더블유에프엠(WFM), 조국펀드의혹 주가하락에 배터리사업은 순조롭게 진행중이라면...?!",731,,,,,,,,
1462,2019-12-12T05:36:55Z,"데이터3법 국회 본회의 2019년12월13일, 데이타솔루션,오픈베이스,소프트센,세종텔레콤(블록체인)",731,,,,,,,,
2009,2019-05-31T14:03:46Z,"넥슨지티(수급단타왕), 기대감은 끝나지 않는다!! 넥슨매각 이슈와 슈팅, 단타호가창 공부하기",724,,,,,,,,
379,2020-11-26T02:51:31Z,임상시험에서 dropout의 원인을 이해하는 것이 중요한 이유와 결측치 채워넣는 방법: 정보성 결측값(informative missingness),723,,,,,,,,
1485,2019-11-29T10:00:47Z,코리아센터 어떻게네가나한테이럴수있어 센트랄모텍과의차이점,723,,,,,,,,
1494,2019-11-25T14:54:52Z,지주회사를 통한 우회상장하는 방법,716,,,,,,,,
2310,2019-02-18T13:03:00Z,"신라젠, 펙사벡 논문을 읽어보자!!",714,,,,,,,,
996,2020-04-15T23:51:21Z,"총선결과 | 미국, 항공사 250억달러 무상지원 이유는? | 원유 | MMF와 CMA",714,,,,,,,,
1487,2019-11-29T09:01:50Z,삼성전자 D램가격추이와공시,709,,,,,,,,
1971,2019-06-25T13:55:19Z,셀리드 | 증권사리포트 조회수 높아서 분석해봤습니다.,705,,,,,,,,
1981,2019-06-21T11:56:31Z,엘비세미콘 | 호가창 허매수 나왔는데 하락하지 않는 이유? | 고점에서 허매수와 저점에서 허매도,691,,,,,,,,
1542,2019-11-04T13:21:00Z,"나노메딕스, 그래핀은 6각형의 탄소 한 겹입니다. 2겹이상은 흑연입니다.",688,,,,,,,,
1010,2020-04-11T06:16:31Z,[SCALPING][상따처리][낙주매매][눌림매매]Korea Stock Trader|에스맥|삼성레버리지WTI원유선물ETN|네이처셀,688,,,,,,,,
1795,2019-09-02T10:07:21Z,"케이엠더블유 7만원도달, 슈팅구간에 접어들었습니다  대응방법은? 3분기 실적 때 2분기 실적 당시를 기억해봅니다",687,,,,,,,,
1862,2019-08-07T13:04:29Z,[상한가] 미래산업 | 반도체 소재장비를 국산화 하자 | 일본수출규제 수혜주,684,,,,,,,,
1932,2019-07-11T11:58:24Z,에어부산 | 신라젠에 이어 수직상승해버리는 당신은...| 아시아나항공 매각,680,,,,,,,,
688,2020-08-10T08:00:55Z,"[뉴스][현대차] 니콜라 창업자, ""현대차와 손잡고 싶다.""",675,,,,,,,,
1951,2019-07-01T13:26:22Z,동진쎄미켐 | 장기추세선 긋기는 의외로 잘 맞아떨어집니다. | 일본에서 건너 온 호재,672,,,,,,,,
1889,2019-08-01T10:33:15Z,남영비비안 | 폭탄돌리기 끝 | 상한가진입 호가창 비교 | 무려 7연상을 갈 뻔했던 엄청난 종목입니다.,669,,,,,,,,
2044,2019-05-13T13:28:25Z,"카페24, 차트는 급락 힌트를 준다. 우하향 종목 건드리지 말자. 기술특례 상장 재무제표 살펴보기, 대응시점 체크, 다나와와 비교, 손실을 대하는 자세, 힘내시길 바랍니다",668,,,,,,,,
1529,2019-11-05T13:28:40Z,"에이비엘바이오, 암 공격 및 면역세포 활성화를 한 번에 할 수는 없을까?",667,,,,,,,,
1012,2020-04-06T12:13:16Z,"[SCALPING] Korea Stock Trader 서울식품, 이씨에스, 레몬, 흥구석유",665,,,,,,,,
1686,2019-09-20T12:24:41Z,인공지능으로 주식가격예측하기 #3 데이터 날짜순으로 정렬하기,664,,,,,,,,
1979,2019-06-22T03:42:03Z,"고려산업 | 약속의 투매 2시50분 | 상한가 사례(줌인터넷, 로보로보) 비교",658,,,,,,,,
1685,2019-09-21T11:00:46Z,"인공지능으로 주식가격예측하기 #4 X,y데이터 나누기",655,,,,,,,,
2037,2019-05-16T13:03:28Z,"남선알미늄, 이낙연대선테마주, 돌파실패와 돌파성공 호가창 비교, 눌림타점 호가창분석",655,,,,,,,,
2300,2019-02-20T08:58:17Z,"에코프로, 자회사 상장(에코프로비엠)이 주가에 영향을 미칠까?",655,,,,,,,,
1013,2020-04-06T11:32:59Z,"[SCALPING] Korea Stock Trader 프로스테믹스, 한창제지, 셀트리온헬스케어",653,,,,,,,,
2113,2019-04-20T08:00:43Z,"사조대림과 사조해표 합병결정, 합병비율이 어느 기업에게 더 유리하게 되어 있는지를 알면 수익 볼 기회가 있다. 영진약품사례 공부.",652,,,,,,,,
2052,2019-05-11T23:15:12Z,"넷게임즈, 수급단타왕님은 수급, 호가창, 차트(지지와저항)만 보고 매매하지 않습니다 . 더 중요한 게 있습니다!!",650,,,,,,,,
2039,2019-05-16T12:20:59Z,"국일제지, 키움실전투자대회 1억리그 1위, 월화수목금님 매매분석",650,,,,,,,,
2085,2019-04-29T11:53:02Z,"국일제지, 엑사이엔씨, 이제는 너무나 예측가능해서 할 말이 없는 육감철학님 매매분석, 키움실전투자대회 1억리그 2위",646,,,,,,,,
1805,2019-08-29T11:37:54Z,체리부로 양봉갯수 많은 게 좋은이유와 양봉의 의미. 저가111과 고가111의 의미는 다르다. 기사뜨면 매도,644,,,,,,,,
1575,2019-10-25T00:49:55Z,키움실전투자대회상위자장중매매분석,642,,,,,,,,
1718,2019-09-14T10:19:59Z,"더블유에프엠(WFM), 배터리2차전지가 아니라 사교육기업이었어?!",639,,,,,,,,
1489,2019-11-19T08:32:08Z,F&F는 무슨회사길래주가가계속오를까? 외국인 수급 실화?,635,,,,,,,,
2007,2019-06-01T02:03:13Z,"RFHIC(강팔), 호가창과 기사에 매매관점까지 옅본다!!",634,,,,,,,,
1839,2019-08-16T12:07:41Z,나노메딕스 | 짐로저스 급등 다음 일본 방사능 오염수 재료 | 선반영인가? 아님 더 갈 수 있는가?,632,,,,,,,,
2069,2019-05-07T11:01:22Z,"흥구석유, 대한광통신 종가베팅, 나홀로 압도적인 1등!, 시장지수따윈 신경쓰지 않는다. 키움실전투자대회1위 월화수목금님 매매내역분석",631,,,,,,,,
1875,2019-08-03T22:28:41Z,원익IPS | 일본 화이트리스트 제외 결정 수혜주는?? | 네패스,629,,,,,,,,
1993,2019-06-11T13:33:34Z,오픈베이스 | 나무기술과 공통점은? | 순환매 | 삼성SDI 보안기술 포럼 | 클라우드 솔루션,622,,,,,,,,
1478,2019-12-03T07:31:34Z,"케이엠더블유, 기지국? 무선통신서비스? 5G대장주!",622,,,,,,,,
1682,2019-09-21T12:38:13Z,인공지능으로 주식가격예측하기 #7 train test split 두 가지 방법의 장단점,621,,,,,,,,
1537,2019-11-04T17:19:43Z,"나노메딕스, 맨체스터 대학에서도 핵 폐기물 깨끗하게 할 수 있음을 입증, 수처리 과정(물리적, 생물학적, 화학적) 설명",619,,,,,,,,
2034,2019-05-18T02:55:52Z,"엘비세미콘, 호가창 돌파실패와 돌파성공 비교",617,,,,,,,,
1650,2019-09-28T06:50:50Z,"우리손에프앤지, 보고도 믿기지 않는 고수의 매매 (저 아닙니다.)",617,,,,,,,,
1874,2019-08-03T22:51:34Z,LG디스플레이 | 대세하락장 | 대형주는 코스피 차트와 비슷한 흐름을 보입니다 | 매수의견 증권사 리포트.. 내용은 실적부진이라면 어떻게 대응?,615,,,,,,,,
1030,2020-04-08T11:45:15Z,"주식공부할 때 차트, 호가창이 아닌 뉴스기사부터 시작해야 하는 이유",615,,,,,,,,
1997,2019-06-08T02:37:03Z,백광소재 | 주식시장에서 힌트는 도처에 있다. | 발견을 못할뿐 | 생석회 방역 | 고려시멘트와 비교,614,,,,,,,,
2014,2019-05-27T14:36:16Z,"현대바이오, 차트와 호가창분석",607,,,,,,,,
1683,2019-09-21T12:13:11Z,인공지능으로 주식가격예측하기 #6 y라벨 shift하기(다음날가격이니까!),601,,,,,,,,
1138,2020-03-13T03:58:00Z,서킷브레이커란 무엇일까요,598,,,,,,,,
1514,2019-11-11T08:02:46Z,"겨울왕국2와 SMLifeDesign 주가 미리보기, 한국역대관객수1위영화와 수혜주 흐름 완벽 정리",598,,,,,,,,
1829,2019-08-19T11:00:51Z,"휠라코리아 대응방법 | 기관이 산 종목이 떨어지면 ""주가하락 과도하다. 저가매수기회!"".|  안 산 종목이 떨어지면 ""...""",597,,,,,,,,
1522,2019-10-19T04:24:48Z,한창제지 황교안 대선테마의 역사,593,,,,,,,,
1940,2019-07-08T10:29:35Z,"동진쎄미켐 | 스윙매매내역공개!! 매수관점, 홀딩관점 모두 공유드립니다. | [0606]자동일지차트",592,,,,,,,,
1175,2019-11-28T14:07:07Z,"뉴스매매, 이투데이 속보창",591,,,,,,,,
1428,2020-01-03T11:00:52Z,a? href? title? span? div? HTML tag의속성에 접근하는 방법과 tag의 데이터를 뽑는 방법(text와 string의 차이점) get(),590,,,,,,,,
2036,2019-05-18T01:09:37Z,"넥슨지티, 키움실투대회 1위 월화수목금님 종가매수",590,,,,,,,,
1717,2019-09-14T10:46:47Z,"더블유에프엠(WFM), 2년만에 339%의 높은 유동성이 55%로 줄은 이유? 이차전지 공장신설 위한 지속적 자본조달",589,,,,,,,,
1002,2020-04-13T23:41:36Z,증권사가 개미에게 대출해주는 이유|OPEC합의에도 유가 빠진 이유|라임 5월부터 상환|두산중공업 솔루스 매각 결렬,587,,,,,,,,
1967,2019-06-26T12:29:23Z,폭락예언? 폭락촉발? | 주포가 내 영상 보는 거 같습니다... | 넥슨지티와 한진칼,586,,,,,,,,
1957,2019-06-29T04:42:48Z,링크제니시스 | 하락장에 나홀로 급등하는 종목 | 삼성전자 AI... 셀바스AI는 현재??,579,,,,,,,,
2153,2019-04-13T01:42:21Z,"필룩스, 수급단타왕 라이온 매매내역 분석",572,,,,,,,,
1680,2019-09-22T02:41:45Z,인공지능으로 주식가격예측하기 #8 sequence_data 만들기,571,,,,,,,,
1908,2019-07-23T13:00:03Z,솔브레인 | 잘못된 매도리포트로 개인들은 손해 보는 불합리한 시장에도 남을 탓해서는 안 됩니다 | 자기자신의 잘못에 집중해야합니다 | 저도 피해를 입었습니다,570,,,,,,,,
2067,2019-05-07T12:13:38Z,"우리손에프앤지, 마니커 수급단타왕님 위기대응은?? 호가창, 차트 매매내역분석",564,,,,,,,,
504,2020-10-24T14:25:45Z,운동을 해야하는 과학적인 근거,563,,,,,,,,
2061,2019-05-08T12:53:26Z,"태림포장, 키움실전투자대회 압도적인 1위 월화수목금님 매매내역분석, 흥구석유도 또한번 종베",563,,,,,,,,
714,2020-07-30T05:15:04Z,"셀트리온 항체치료제 영국 1상 승인. 스파이크 단백질. 리다이렉트. 공인IP와 사설IP, 네트워크주소와 호스트주소",562,,,,,,,,
1849,2019-08-12T12:36:25Z,"케이엠더블유 | 실적발표 얼마 안 남았는데 외국인, 기관이 팔았다...| 나의 매수근거에 확신을 주는 방법",562,,,,,,,,
1583,2019-10-22T23:28:18Z,"삼성증권 유령주식, 한 건 해보려는 순간 집한채 날라가는거야",561,,,,,,,,
1369,2020-02-04T02:38:21Z,삼성전자|반도체 나는 진짜로 알고 있는가? 양자역학적으로 이해하는 반도체,560,,,,,,,,
1009,2020-04-12T03:57:35Z,[SCALPING]KODEX코스닥150선물인버스|삼성레버리지WTI원유선물ETN|에스모|한진|KODEX200선물인버스2X|비트컴퓨터|두산밥캣|다날|에스맥|올리패스|케이씨씨글라스,559,,,,,,,,
1978,2019-06-23T11:21:14Z,"카카오스탁 | 놓칠 뻔한 종목, 나만 몰랐던 시장의 주도섹터, 같은 테마의 다른 종목들을 손쉽게 찾을 수 있습니다.",558,,,,,,,,
1087,2020-03-19T00:37:18Z,Korea stock trader's very short-term trading|톱텍|레버리지|인버스,557,,,,,,,,
1520,2019-11-11T11:03:44Z,"겨울왕국2 개봉 10일전인데 벌써 예매율55%로 1위, SM Life Design 상한가",557,,,,,,,,
2140,2019-04-16T11:01:47Z,"디피씨, 주식고수 매매분석, 강팔 한경닷컴 스타워즈",551,,,,,,,,
1011,2020-04-11T05:18:44Z,[SCALPING][상따][돌파매매]Korea Stock Trader|남영비비안|녹십자랩셀|에스맥|신라젠|진양제약,551,,,,,,,,
1959,2019-06-29T03:58:03Z,내츄럴엔도텍 | 가짜백수오 사태 이후로 4년... 주가는??,550,,,,,,,,
1488,2019-11-29T04:53:57Z,유엔젤 펭수 관련주,550,,,,,,,,
2273,2019-02-24T08:57:14Z,삼성전기 2019년 실적 전망 good!! 사물인터넷 테마 가능성도 있다. 전체 시장 흐름도 같이 보자!!,548,,,,,,,,
1684,2019-09-21T11:25:33Z,인공지능으로 주식가격예측하기 #5 숫자콤마 제거하기,548,,,,,,,,
1572,2019-10-26T01:06:04Z,[키움실투대회] 돈 내고 강의 듣지 마세요. 공짜로 배우세요. 2019-10-25 9시50분,546,,,,,,,,
998,2020-04-15T07:25:27Z,"원유 ETN 괴리율이 이해가 안 돼요 | ETF는 펀드, ETN은 채권 | NAV와 IV",546,,,,,,,,
2011,2019-05-29T11:26:43Z,"코리아오토글라스(강팔), 공부내용이 많으니 꼭 보세요!! 외국인수급이 중요한 이유, 자동차관세(현대차), 블록딜(셀헬)",541,,,,,,,,
1490,2019-11-26T06:22:05Z,빅토리의189번째주식단타매매영상 KODEX코스닥150레버리지와 인버스,541,,,,,,,,
1899,2019-07-29T11:45:10Z,리드코프 | 산와머니 철수(일본보복) | 산와머니 불매운동(한국보복) | 일본수출규제의 두 가지 양상 | 호가창 고점 분석,539,,,,,,,,
1977,2019-06-24T11:14:04Z,"한진칼 | 호가창, 차트 사실 다 부차적인 겁니다... 가장 중요한 건? | 재료소멸로 제자리 돌아가는 중",538,,,,,,,,
983,2020-04-21T00:07:51Z,유가가 0달러 하락돌파도 모자라 -40달러까지 하락한 이유(돈주고 팔아야 하는 기현상),534,,,,,,,,
912,2020-05-13T15:07:34Z,"[호가창] 국동, 녹십자웰빙, 메드팩토, YBM넷, 메가엠디, 영진약품, 현대리바트, NICE평가정보, 일동제약",534,,,,,,,,
870,2020-05-28T07:52:47Z,인버스 하락 전조현상 이게 과연 우연일까? 그동안 적응해왔는데 갑자기 환경이 바뀌면 겪는 어려움. 미중무역전쟁과 홍콩보안법,534,,,,,,,,
1540,2019-11-04T15:42:49Z,"나노메딕스, 셰일가스가 성장할수록 나노메딕스의 오염수 수처리 수주가 성장한다.",532,,,,,,,,
2319,2019-02-17T01:01:49Z,"신라젠, 펙사벡 작용기전을 공부해보자",531,,,,,,,,
980,2020-04-21T10:56:18Z,"뉴스모음|마진콜과 캐시콜(브랙시트)|유가와 키움HTS|시간외신라젠하한가,아시아나상한가|두산중공업|한진칼과대한항공유상증자|5월물 만나러 갑니다",528,,,,,,,,
1988,2019-06-14T17:11:30Z,줌인터넷 | 스팩합병 | 하락장이라서인지 놀라운 급등종목이 많은 것 같다는 기분입니다,528,,,,,,,,
1991,2019-06-12T11:12:32Z,마니커 | 1200원 지지선에서 호가창 분석 | 24만주 허매도로 투매유도 | 北 돼지열병 발병 사실 첫 공개,528,,,,,,,,
2062,2019-05-08T12:34:52Z,"나무기술, 육감철학, 고수들의 리스크 관리, 5G테마주",525,,,,,,,,
1983,2019-06-20T11:27:22Z,동성제약 | 장대양봉 아닌 반등일 뿐인데 거래대금5위 | 고점에서 호가창 분석,522,,,,,,,,
1942,2019-07-04T12:45:23Z,에어부산 | 주인(산업은행)이 아니라고해도 내(투자자)가 맞다면 맞는거야 | 아시아나항공 일괄매각인가? 분리매각인가?  | (넥슨지티 비교),520,,,,,,,,
1779,2019-09-04T12:27:12Z,깡통찼습니다  안녕히계세요  그동안 고마웠습니다,517,,,,,,,,
1810,2019-08-28T12:37:56Z,후성 28일 화이트리스트시행 호재인가? 재료소멸인가? 시가돌파는 매수관점입니다,516,,,,,,,,
858,2020-06-01T10:07:03Z,셀트리온제약의 실적과 합병 | 경쟁사의 위기를 기회로 시장점유율을 높이는 전략,514,,,,,,,,
1915,2019-07-18T12:39:38Z,"솔브레인 | 쎄게 나오던 일본... 은근슬쩍 태세전환 | 일본수출규제관련주(후성, 동진쎄미켐)",514,,,,,,,,
1172,2020-03-02T07:22:04Z,imgur를 사용하여 간편하게 이미지를 웹에 올리고 가져다 쓰기,513,,,,,,,,
1516,2019-11-12T15:22:46Z,"애경산업 中광군제 매출 371% 증가, 아시아나 인수전엔 실패했지만 중국 화장품 판매에선 성공했다!",512,,,,,,,,
1865,2019-08-07T10:59:06Z,[상한가] 화천기계 | 조국테마주와 화이트리스트제외 수혜주 | 강력한 테마가 2개나?!,507,,,,,,,,
1091,2020-03-18T00:41:46Z,Korea stock trader's very short-term trading|피씨엘|미코,506,,,,,,,,
1901,2019-07-29T10:47:57Z,"램테크놀러지 | 같은 테마 내의 종목간 상승률과 시가총액 간의 관계를 비교해드립니다. | 일본수출규제 불화수소 테마(후성, 솔브레인)",506,,,,,,,,
1359,2020-02-11T06:43:53Z,[실화]정부가 1년치 예산으로 복권을 샀다. 결과는?,502,,,,,,,,
1176,2020-02-24T05:45:52Z,[python] quick sort 알고리즘,501,,,,,,,,
978,2020-04-21T23:27:43Z,아침뉴스 | Fed의 monetary policy 세가지 중 우리가 잘 모르는 두가지,500,,,,,,,,
2003,2019-06-02T03:11:20Z,"엘비세미콘, 방탄소년단(BTS) 해외공연 수익은?? 실적이 받쳐주는 테마주를 매매하자!! (키이스트, 디피씨와 비교)",499,,,,,,,,
1003,2020-04-13T11:40:00Z,코오롱 완전쩜상|인보사|채안펀드 있지만 회사채는 살얼음판|수출꺾임|실업급여,498,,,,,,,,
1980,2019-06-21T12:20:25Z,한진칼 | 재료소멸로 하락하는 호가창 분석 | 재료소멸에 절대로 물타기하지마세요!! | 델타항공 백기사 등장,497,,,,,,,,
1533,2019-11-05T10:22:46Z,"리드, 스포츠서울 작전주의 기억, 마지막엔 횡령배임 발생 후 거래정지",496,,,,,,,,
2413,2018-11-12T09:54:36Z,빅토리의167번째주식단타매매영상 모나리자,494,,,,,,,,
2018,2019-05-26T03:06:02Z,"신일산업, 가는 종목의 특징: 갭상승하락조정시가를돌파하는상승, 폭염, 여름 선풍기 계절주",489,,,,,,,,
1085,2020-03-22T03:07:39Z,공매도 잘 알려지지 않은 구체적인 예외사항과 궁금증을 해결합니다.,487,,,,,,,,
1803,2019-08-29T12:13:00Z,미스터블루 투매심리는 하한가갈거같은공포감입니다  에오스레드 출시가 다가오는데 매도시점은,485,,,,,,,,
1911,2019-07-20T02:06:45Z,아진산업 | 상한가 다음날 매도호가창은?? | 윗꼬리음봉을 조심하세요!!,484,,,,,,,,
1707,2019-09-16T11:44:29Z,"아난티, 호가 잡아먹고 받치는 물량이 빠르게 안 채워지면 고점징후입니다.",481,,,,,,,,
2220,2019-03-29T14:14:47Z,수급단타왕 라이온 매매내역 디피씨,480,,,,,,,,
1161,2020-03-10T01:09:16Z,"[무음]시황, 잠 못 드는 밤이었습니다. 미국시장 -7% 실화인가요?",479,,,,,,,,
2326,2019-02-16T06:20:12Z,"파인텍, 폴더블폰 테마주였지만 유상증자로 인해 혼자 다른 길로 들어서다.",478,,,,,,,,
1880,2019-08-03T08:35:14Z,컴퍼니케이 | 영화도 반일영화다!! | 봉오동전투 기대감 | 대응방법은??,476,,,,,,,,
1910,2019-07-21T01:17:54Z,나이스정보통신 | VAN? PG? | 테마를 타고 급등하는 종목이 있는 반면 조용히 꾸준히 상승하는 종목이 있습니다,476,,,,,,,,
988,2020-04-19T08:41:37Z,미중 전쟁은 11년도 오바마 시절에도 있었는데 트럼프 현재와 매우 비슷합니다.,476,,,,,,,,
1907,2019-07-23T21:13:05Z,부방 | 추세전환은 언제 일어났다고 볼 수 있을까요,474,,,,,,,,
2136,2019-04-16T11:13:34Z,"현대바이오, 수급단타왕 라이온 매매내역 분석",473,,,,,,,,
1697,2019-09-18T12:34:48Z,"이글벳과 체시스, 돼지열병 확산 우려, 진정한 대장주는 쩜상따위 풀리지 않습니다.",473,,,,,,,,
1571,2019-10-26T01:32:46Z,키움실투대회 매수하고 재미없으면 곧장 나가는 당신은 스캘퍼 2019-10-26 10시,471,,,,,,,,
1577,2019-10-24T14:35:21Z,키움실전투자대회상위자매매분석(3천리그 1위~4위) 신라젠,471,,,,,,,,
2091,2019-04-26T13:39:12Z,"동성제약, 거래량 실린 장대양봉 다음 거래량 줄은 음봉매수는 정석적인 매매!! 키움실전투자대회 4위 BDBAJSS종가베팅",471,,,,,,,,
2008,2019-05-31T14:27:14Z,"이글벳, 코앞으로 다가온 돼지열병, 메르스사태와 비교해보자",470,,,,,,,,
1888,2019-08-01T10:52:10Z,메지온 | [매매꿀팁] 어떤 점이 솔브레인과 똑같다고?! | 바이오섹터폭락의 영향으로 난폭한 차트가 만들어졌습니다.,468,,,,,,,,
1493,2019-11-25T14:04:24Z,"티비씨, 귀뚜라미 지주사 전환이 의미하는 바는?",466,,,,,,,,
1826,2019-08-20T11:51:47Z,케이엠더블유 | 시장지수의 중요성 | 매도 시점은 언제? | 조만간 호가창영상 올리겠습니다.,460,,,,,,,,
1950,2019-07-02T12:08:04Z,"고려산업(홍정욱) | 상한가전 투매.. 이번엔 달랐다!! 무엇이?? | 하락장에 미리 끌려나온 대선테마주들(남선알미늄, 한창제지 등)",459,,,,,,,,
1534,2019-11-05T09:28:11Z,"해마로푸드서비스, 슬금슬금 오르는데 외인기관양매수, 시간외최대주주매각공시",458,,,,,,,,
969,2020-04-25T08:18:50Z,2008년 뉴스기사는 어땠을까? 미국발 서브프라임모기지사태 | 환율과 증권사 전망 | 코스피,448,,,,,,,,
1821,2019-08-27T11:03:04Z,남성 |  여러 테마가 엮여 있어서 상승 이유를 모르겠습니다.,446,,,,,,,,
2254,2019-03-03T09:40:43Z,CIS의 일본증시에 대한 관점을 공부해본다.,446,,,,,,,,
2028,2019-05-22T13:09:10Z,"마니커, 수급단타왕, 지지선매수, 저항선매도 반복",444,,,,,,,,
2095,2019-04-25T10:56:56Z,"아시아나항공, 에어부산 시간외 매수, 이번에도 시간외 최고가에 매수한 육감철학님, 아마도 다음 날 시초가에 매도, 키움실전투자대회 1억리그 1위",444,,,,,,,,
1780,2019-09-04T11:25:02Z,케이엠더블유 미친 급등 보고 가시죠  [단타팁] 급등 후 정확히 78200원에 어떤 현상이 있었다,443,,,,,,,,
907,2020-05-14T16:27:15Z,"[호가창 씹뜯맛] 씨젠, SK케미칼, YBM넷, 수젠텍,제일약품, NHN한국사이버결제,동화기업, EDGC,진원생명과학",440,,,,,,,,
1313,2020-02-20T08:56:22Z,Django로 앱 만들기 startapp blog,439,,,,,,,,
2293,2019-02-21T13:21:50Z,"삼성중공업, 8700억 수주 호재로 주가 상승!",439,,,,,,,,
1579,2019-10-24T13:11:05Z,키움실전투자대회상위자매매분석(1억리그-1위헬릭스미스와 2위국일제지),438,,,,,,,,
2054,2019-05-11T01:25:49Z,"한진칼, krx거래원 보는법, 상승시작 시점을 복기, 개인들이 끌어올렸다. 조양호회장 별세에 지분싸움 모멘텀으로 상승",437,,,,,,,,
2093,2019-04-26T12:24:38Z,"[기법공개] 에어부산 매도타점은?? 엑사이앤씨 반전에 놀란 빅토리의 육감철학님 매매기법 요약, 여러분 육감철학님에게 감사해야합니다 ! 정말로요 ..",435,,,,,,,,
2219,2019-03-29T14:42:54Z,수급단타왕 라이온 매매내역 썸에이지,433,,,,,,,,
1974,2019-06-25T10:56:29Z,대유에이피(그래핀) | 거래량 없이 조용히 오르던 종목 | 테마주순환을 보고 고점을 파악하는 방법,432,,,,,,,,
1948,2019-07-02T12:58:05Z,"다날(페이코인) | 호가창분석, 호가를 탈환할것인가 탈환 당할 것인가 | 비트코인",431,,,,,,,,
1799,2019-08-31T23:48:47Z,오성첨단소재 전일종가이자 상한가 가격은 중요합니다  한번은 도달합니다  지지해주는 호가창의 모습은,425,,,,,,,,
1679,2019-09-22T03:03:32Z,인공지능으로 주식가격예측하기 #9 list를 array타입으로 변경하기,425,,,,,,,,
1896,2019-07-30T10:22:09Z,"TBH글로벌 | 이번엔 속옷테마다! | 소수계좌 관여율 높은 종목 | 순식간에 상한가 | BYC, 쌍방울 일봉, 분봉 차트 비교",425,,,,,,,,
1903,2019-07-28T02:12:06Z,"율촌화학 | 급등 다음 날에도 매매할 수 있는 구간이 존재합니다. | 1차, 2차일본수출규제테마순환(비교) | 파우치필름 | 케이피엠테크 |",419,,,,,,,,
1039,2020-04-06T10:38:09Z,[발권력]한국은행이 회사채나 CP를 직접 매입하는 방안을 미루는 이유,416,,,,,,,,
1785,2019-09-03T12:18:25Z,케이엠더블유 눈에 많이 익혀두세요  다음 대세상승 주도주를 잡고 홀딩하기 위한 기억보존입니다,410,,,,,,,,
1804,2019-08-29T11:56:07Z,케이엠더블유 시초가돌파 매수하는 방법 종목특징으로 장초에 강한 모습 그리고 조정 패턴이 있습니다  매매 참고하세요,409,,,,,,,,
1174,2020-02-22T13:16:11Z,Python 손으로푸는곱셈처럼출력하기,407,,,,,,,,
1377,2020-02-03T06:03:37Z,"공시|삼성전자 폴더블 나오는데 왜자꾸 태블릿을? LG화학 실적, 일양약품 실적 500%증가|공정공시제도,전지,전류",404,,,,,,,,
1946,2019-07-03T09:47:12Z,파세코 | 상한가 자꾸 풀리면 일단 탈출해야합니다 | 창문형 에어컨 | 여름계절주(신일산업 비교),403,,,,,,,,
1916,2019-07-17T13:24:56Z,솔브레인| 주식투자가 어려운 이유? | 자신의 생각이 맞았음에도 진행과정 속에서 털릴 수가 있습니다.,403,,,,,,,,
1944,2019-07-03T11:15:29Z,플레이위드 | 나도 4연상 종목을 잡을 수 있다고?! | 재료는 고점에서 공개되는 거 아니었어?! | 한국인=게임의민족 | 로한M,400,,,,,,,,
1299,2020-02-21T07:56:09Z,GET방식과 POST 방식의 차이점,400,,,,,,,,
2329,2019-02-16T04:45:19Z,"신라젠, 연구의 탁월성을 암 학회에서 인정",400,,,,,,,,
2064,2019-05-07T22:50:03Z,"에치에프알, 거래정지??, 5G테마주, 강팔팀이 오랜기간 들고 있는 종목, 장기투자자들 보세요.",399,,,,,,,,
1958,2019-06-29T04:20:17Z,신라젠 | 섹터가 무너지면 아무리 좋은 종목도 못 버팁니다.,398,,,,,,,,
1872,2019-08-05T10:54:40Z,신라젠 | 왜 임상3상은 실패한것인가,396,,,,,,,,
1878,2019-08-03T13:13:49Z,UCI | 미다스의 손 | 2008년 이후 사라졌던 그 분의 재등장 | LG,395,,,,,,,,
2012,2019-05-28T11:51:29Z,"SK하이닉스, 동시호가때 무슨일이??",394,,,,,,,,
1657,2019-09-26T10:52:57Z,"우리손에프앤지, 차트상 지지와저항에서 지지받는지 확인하고 저항받는지 확인하자",388,,,,,,,,
2292,2019-02-21T13:37:15Z,"LG디스플레이, 폴더블폰 수혜주로 부각되면서 상승 추세",388,,,,,,,,
2231,2019-03-20T02:17:02Z,"폴루스바이오팜, 상장폐지 우려에 하한가 치고 다음 날 반등",388,,,,,,,,
1665,2019-09-24T09:53:08Z,헬릭스미스는 약물 혼용된 사실을 어떻게 알았나?,388,,,,,,,,
1426,2020-01-04T14:11:17Z,"contents? children? parent? parents? HTML에서 원하는 데이터 찾는 방법(find all, body) ul? ol? li? p?",385,,,,,,,,
1586,2019-10-19T14:30:49Z,윌비스 토요일 기사(2019.10.19),384,,,,,,,,
1860,2019-08-07T21:15:18Z,[신규상장주] 레이 | 공시에서 사업보고서를 보면 상장종목이 매력적인지 판단해볼 수 있습니다.,377,,,,,,,,
901,2020-05-06T11:16:59Z,연방준비제도(Federal Reserve System)의 이해,374,,,,,,,,
918,2020-05-12T16:47:03Z,"[호가창] 부광약품, 풀무원, 웹젠, 다우기술, 톱텍, 녹십자랩셀, EDGC, 넥스트BT, 바이오리더스",374,,,,,,,,
1015,2020-04-11T13:13:42Z,[IMF] 1997년 외환위기는 왜 온 것일까 | 사람심리와 사고방식에 대한 고찰,371,,,,,,,,
2027,2019-05-22T13:54:19Z,"현대바이오, 급등 시점 호가창 5월22일, 췌장암",369,,,,,,,,
2016,2019-05-27T12:32:52Z,"RFHIC, 바닥을 노리고 반등에 매수하는 방법, 강팔팀의 신규매수 종목, 지지와저항",369,,,,,,,,
1887,2019-08-01T11:16:54Z,솔브레인 | [매매꿀팁] 호재기사 다음날 대응방법을 알 수 있다?! | 같은종목같은이슈같은차트,369,,,,,,,,
1828,2019-08-19T11:29:54Z,비엠티 | 테마가 시작될 때 큰손들이 들어올 수 있는 종목은 시총이 적당히 큰 기업들입니다.,367,,,,,,,,
1926,2019-07-14T04:10:07Z,"엔씨소프트 | 모바일게임M 테마(플레이위드, 미스터블루) | 주말은 증권사리포트를 읽으며 다음주를 준비합니다.",367,,,,,,,,
1806,2019-08-29T11:17:29Z,삼륭물산 호가창 돌파가 일어난 뒤 밀리지 않고 돌파가격 2호가 위에서 거래되면 성공한 겁니다. 일본 국산화 성공 기업,367,,,,,,,,
2083,2019-04-30T12:17:39Z,국일제지와 엑사이엔씨 매도시간은 당연히도...?!! 육감철학님 매매만 마스터해도 1억리그 10위 안에 든다.  키움실전투자대회 4위,365,,,,,,,,
1976,2019-06-24T11:31:53Z,남성 | 깔끔한 차트 | 북한 관련 뉴스 중 더 중요한 뉴스는?? | 대북경협주는 충분한 조정기간을 가졌다.,364,,,,,,,,
1014,2020-04-11T13:50:18Z,IMF 대안이었던 ABS(자산유동화증권)이란 무엇일까?,364,,,,,,,,
1118,2020-03-17T00:43:16Z,빅토리의191번째주식단타매매영상|수젠텍|씨젠|레버리지,362,,,,,,,,
1925,2019-07-14T04:49:30Z,한빛소프트 | 모바일게임M테마주 찾았습니다. | 클럽오디션 삼국지 | 귀찮다고 미루지 말고 열심히 공부합니다.,361,,,,,,,,
1173,2020-02-23T04:32:34Z,[Python]백준알고리즘10951 EOF문제풀이,360,,,,,,,,
2013,2019-05-28T11:30:12Z,"RFHIC 반등성공, 강팔팀 홀딩중...",360,,,,,,,,
1137,2020-03-13T04:31:27Z,사이드카와 서킷브레이커의 차이점은 뭔가요,357,,,,,,,,
2222,2019-03-29T12:26:03Z,수급단타왕 라이온 매매내역 차바이오텍,353,,,,,,,,
2318,2019-02-17T05:41:46Z,"에스넷 사물인터넷과 5G 테마주, 스마트시티",353,,,,,,,,
2075,2019-05-04T05:56:02Z,"에스넷, 먹을 때 크게 먹어야 장기적으로 수익을 낸다  강팔팀 매매내역분석",351,,,,,,,,
2287,2019-02-23T02:49:45Z,"셀트리온헬스케어 실적 발표(2.22), 단기 65,000원 도달은 피할 수 없다!!",351,,,,,,,,
911,2020-05-13T16:40:03Z,미연준(Fed) 파월 연설 내용은? #1,351,,,,,,,,
971,2020-04-24T08:27:54Z,[매매복기] 왜 내가 인버스만 들어가면 반등하는데!!,348,,,,,,,,
2577,2018-10-06T08:39:23Z,실전투자대회상위자매매1번째분석영상,348,,,,,,,,
1564,2019-10-26T09:18:38Z,"키움실투대회 초보와 고수의 차이, 푹 떨어졌을 때 사는 방법도 좋다. 2019-10-25",346,,,,,,,,
1990,2019-06-12T11:38:04Z,유니온머티리얼 | 중국의 무기 희토류 | 2차 상승에 휩쏘 | 이런 게 주식매매를 어렵게 한다!!,344,,,,,,,,
472,2020-11-10T11:40:59Z,[경영권 분쟁] KMH 2강. 경영진의 기습적인 CB/BW 조기발행,343,,,,,,,,
1893,2019-07-30T11:13:24Z,"쌍방울 | 빤스런 유니클로 속옷 불매운동 가즈아! | 상한가 초기 호가창 분석 | 장초 단기 고점에서 허매수 관찰 | BYC, 코데즈컴바인",342,,,,,,,,
2081,2019-04-30T13:08:33Z,"마니커, 손절타점, 반등 노린 종가베팅 매수타점, 1억리그 3위 BDBAJSS님 매매분석",342,,,,,,,,
992,2020-04-16T11:48:12Z,부동산과 증권업의 관계 PF와 ABCP,342,,,,,,,,
1317,2020-02-20T10:03:59Z,주식투자연습을 큰 금액으로 해야 하는 이유,342,,,,,,,,
1851,2019-08-11T02:56:23Z,고려시멘트 | 점상한가 이후 대응방법은? | 종목특성을 파악하면 됩니다. | 미중무역전쟁: 환육조작국지정 후 희토류 무기화,342,,,,,,,,
2032,2019-05-19T12:19:04Z,"카카오, 한경스타워즈 1위 강팔팀은 블록딜 전 매도, 카카오뱅크",341,,,,,,,,
2004,2019-06-02T02:44:55Z,"에코마케팅, 불황에 강한 퍼포먼스 마케팅으로 경쟁사들보다 잘 나가는 광고주",341,,,,,,,,
2119,2019-04-20T04:23:43Z,하츠 수급단타왕이 위닉스는 말고 하츠만 종가베팅한 이유??,340,,,,,,,,
2038,2019-05-16T12:41:09Z,"정다운, 이재명 테마주인 걸 어떻게 알았지? 육감철학님 매매내역 분석, 1년에 딱 한 번 매매해도 된다",340,,,,,,,,
2364,2019-02-04T14:49:02Z,"[주식] 개성공단 관련주, 신원",339,,,,,,,,
2121,2019-04-20T01:19:33Z,"에어부산 수급단타왕 단일가 매수매도타점 분석, 한경투자대회 2위 입성, 아시아나항공 매각",339,,,,,,,,
1982,2019-06-20T12:16:47Z,"엘엠에스 | 고점 호가창 분석 | 우상향종목을 매매해야 하는 이유!! | 제품, 기술에 대한 이해가 없어도 트레이딩은 할 수 있지만 더 성장하려면 산업에 대해 공부해야 합니다.",338,,,,,,,,
1016,2020-04-11T12:47:03Z,[스포주의]국가부도의날을 보고 든 생각들(1997년 외환위기 IMF),336,,,,,,,,
2320,2019-02-16T12:39:00Z,"미래컴퍼니, 폴더블폰 테마주 엮일 가능성 있다!! 실적도 Good!!",336,,,,,,,,
2392,2019-02-02T00:35:30Z,빅토리의15번째주식공부영상 삼성전기,335,,,,,,,,
1633,2019-10-03T00:42:06Z,"R의 공포에서 벗어나는 가장 좋은 방법은?! 해외지수(나스닥,유럽) HTS에서 보는법",335,,,,,,,,
1985,2019-06-20T10:40:55Z,로보로보 | 2시52분 투매는 상한가 전조 증상(줌인터넷과 비교) | 수급단타왕님에게 무슨일이?!,334,,,,,,,,
929,2020-05-06T08:49:13Z,"[박제] 인버스, 잘못된 판단을 하고 고집을 부린 결과...Don't fight the fed !!",332,,,,,,,,
2029,2019-05-20T13:03:46Z,"신대양제지, 한경스타워즈1위 강팔, 태림포장 인수 가능성",330,,,,,,,,
1171,2020-03-02T07:58:00Z,postimage 웹에 이미지 저장하고 가져다 쓰는 방법,329,,,,,,,,
2080,2019-05-01T06:54:09Z,"하림, 마니커, 팜스토리, 수급단타왕님 매매내역 분석",328,,,,,,,,
2082,2019-04-30T12:48:54Z,"동성제약, 정석적인 단타매매, 짧은손절1%, 키움실전투자대회 1위 월화수목금님 매매분석",326,,,,,,,,
1574,2019-10-25T13:04:38Z,"키움실전투자대회, 누군가 매도하는 자리는 또 누군가가 매수하는 자리다.",323,,,,,,,,
2005,2019-06-01T04:44:08Z,"한국전력, 잘 모르는 대형주 공부하는 순서와 방법!! 유가하락 호재",321,,,,,,,,
2349,2019-02-07T10:27:41Z,"[주식]  오르비텍, 가는 놈이 더 간다!! 원자력발전소 대북경협주",320,,,,,,,,
2088,2019-04-28T13:24:29Z,"팜스토리, 수급단타왕 호가창, 차트 분석, 종목선정의 중요성, 돼지열병, 이지바이오대주주 차트 비교",320,,,,,,,,
1653,2019-09-26T13:06:02Z,"마니커에프앤지, 급등주매매는 찰나의 순간을 포착하는 것 (마니커F&G)",319,,,,,,,,
1961,2019-06-28T11:05:07Z,"메지온 | 콜은 long, 풋은 short인 이유 | 가볍게 들어주세요",315,,,,,,,,
1811,2019-08-28T12:21:30Z,모나미 화이트리스트시행일에 애국테마주는 어떤 흐름이었을까? 호가창만 봐도 손절 잘하는 고수를 만날 수 있다,315,,,,,,,,
1999,2019-06-06T11:50:56Z,"서진시스템(강팔), 블록딜 다음날 눌림매수, 삼성전자 및 5G관련주",313,,,,,,,,
1738,2019-09-12T07:39:09Z,"케이엠더블유, 고점인가? 보수적으로는 쌍봉낙타, 희망적으로는 조정 후 돌파입니다.",312,,,,,,,,
1953,2019-06-30T06:39:42Z,주식가격에 영향을 미치는 요소들 | 주식 처음 시작하시는 분들을 위한 영상입니다!!,311,,,,,,,,
1928,2019-07-13T01:11:12Z,셰틀뱅크 | 공모주는 비싼지 싼지 알 수 있는 지표가 있다. | 민앤지| 핀테크,310,,,,,,,,
1076,2020-03-23T12:32:38Z,[SCALPING]Korea stock trader|비씨월드제약|엔지켐생명과학|셀트리온헬스케어,310,,,,,,,,
2171,2019-04-10T13:47:31Z,강팔 한경닷컴 스타워즈 강스템바이오텍,308,,,,,,,,
2046,2019-05-13T12:44:47Z,"엠에스오토텍&휴마시스, 매도잔량 많아 상승 못한다는 고정관념을 버리자  강팔매매내역분석, 자동차부품업종, 전기차",306,,,,,,,,
1254,2020-02-21T10:42:50Z,모분산은 n인데 표본분산은 n-1로 나누는 이유,306,,,,,,,,
1655,2019-09-26T11:51:50Z,"동원수산, 나는 저항선까지 기다릴 수 있는 실력이 있는가?",305,,,,,,,,
1914,2019-07-18T12:58:59Z,"일진다이아(수소차) | 테마이동 | 주식시장의 돈은 너무나도 쉽게 다른 종목테마로 이동합니다. | 풍국주정, 대우부품",305,,,,,,,,
835,2020-06-10T00:23:42Z,"삼성전자, 환율 하락기에 사야할까? (feat. 환율 1100원대 진입)",305,,,,,,,,
949,2020-04-26T05:07:15Z,Fed의 기능과 목적 #4 최대 6% 배당금,304,,,,,,,,
1809,2019-08-28T13:00:06Z,신성통상(애국테마주) | 확정된 일정(화이트리스트) 전에 매수해서 다음날 매도해야합니다..,304,,,,,,,,
1337,2020-02-19T03:39:06Z,엔씨소프트 전고점돌파 왜?,304,,,,,,,,
2180,2019-04-09T09:55:40Z,강팔 한경닷컴 스타워즈 에이비엘바이오,303,,,,,,,,
2055,2019-05-11T00:21:22Z,"셀트리온, 대세상승의 시작 기사는 어땠을까??",302,,,,,,,,
1866,2019-08-06T14:11:15Z,"[2연상] 신성통상 | 아베, 상한가 똑똑히 보았나? 이것이 개미투자자들의 힘이다 | 중구청 노재팬 배너 해프닝으로 끝났습니다.",302,,,,,,,,
2006,2019-06-01T02:32:08Z,"LS전선아시아(강팔), 광케이블HOT하다!! 베트남과 유럽(파리올림픽), 파리올림픽, 내부정보 호가창?",299,,,,,,,,
1995,2019-06-10T10:01:05Z,삼지전자 | 5G테마가 순환한다. | 광중계기 수주 본격화 기대감,295,,,,,,,,
1578,2019-10-24T13:47:17Z,키움실전투자대회상위자매매분석(1억리그 2위~6위) 네이처셀,295,,,,,,,,
1008,2020-04-12T11:33:10Z,[SCALPING][상한가]삼성바이오로직스|에스티큐브|에이비엘바이오|아시아나항공|현대에이치씨엔|SK증권|초록뱀,295,,,,,,,,
2379,2019-02-02T13:12:50Z,"[주식] 미친 테마주 아진산업, 수소전기차와 대북경협을 동시에?",294,,,,,,,,
935,2020-05-08T04:15:45Z,[통화스왑] 한은이 통화스왑 외화대출 중단한 이유 | 스왑레이트가 상승하면?,291,,,,,,,,
1986,2019-06-19T11:49:19Z,일신석재 | 당일 가는 종목 특징 | 시가 갭과 1차 상승 | 대북경협주가 다시 꿈틀 | 북한 쌀지원 | 체결량과 거래량의 관계,290,,,,,,,,
2190,2019-04-08T10:59:04Z,수급단타왕 라이온 매매내역 키이스트,289,,,,,,,,
1931,2019-07-11T12:43:24Z,"인디에프 | 트럼프와 김정은 손 한 번 잡더니... | 영변핵시설 | 개성공단관련주(좋은사람들, 신원)",288,,,,,,,,
1812,2019-08-28T11:59:37Z,미스터블루 | 강한 시세가 만들어질 때 나도 그 속에 같이 있어야 합니다. 구경만해선 안 돼요!!,288,,,,,,,,
2393,2019-02-02T00:19:43Z,빅토리의14번째주식공부영상 이마트,286,,,,,,,,
1541,2019-11-04T15:15:14Z,"나노메딕스, 셰일가스 시추방법과 역사, 2015년 유가폭락의 원인",285,,,,,,,,
1693,2019-09-18T16:05:55Z,돌파매매를 박스권이론과 접목하여 설명드립니다.,283,,,,,,,,
1881,2019-08-03T06:16:06Z,일지테크 | VI갭상승 채우는 주가의 성질 | 고점호가창 공부 | 일본수출규제(현대차) | 탄소섬유,283,,,,,,,,
1797,2019-09-01T00:24:57Z,대한광통신 쌍봉낙타가 뜨면 도망가야합니다  고점호가창과 차트 분석 가장 중요한 지지와저항을 깨면 손절,282,,,,,,,,
1894,2019-07-30T10:56:45Z,코데즈컴바인 | 일본불매운동(유니클로) | 무엇을 보면 장 후반 투매를 확률적으로 예측할 수 있을까? | 개성공단에서 속옷테마로,279,,,,,,,,
2590,2018-10-04T10:04:42Z,빅토리의1번째주식단타매매영상,277,,,,,,,,
2181,2019-04-09T09:40:05Z,강팔 한경닷컴 스타워즈 지트리비앤티,276,,,,,,,,
1965,2019-06-26T13:22:24Z,비덴트 | 비트코인 시세와 시차가 2-3일입니다. | 우리기술투자,276,,,,,,,,
1900,2019-07-29T11:13:40Z,"모나미(애국주) | 기대감에 한 번, 실적 가시화에 한 번 상승 | 오랜만에 호가창 분석. 개인들이 낚일 수 있을 만한 자리를 살펴봅니다. | 일본불매운동",276,,,,,,,,
1924,2019-07-15T10:25:50Z,[스윙매매내역공개] 동진쎄미켐 | 상한가 먹었습니다. | 오늘도 어느때처럼 차트와 호가창 살펴봅니다. | 일본수출규제 | 후성,276,,,,,,,,
1083,2020-03-23T02:06:11Z,[SCALPING]Korea stock trading|SV인베스트먼트|비씨월드제약,274,,,,,,,,
1935,2019-07-10T10:48:49Z,일지테크 | 반도체 핵심소재 다음 일본의 수출규제는 탄소섬유??,274,,,,,,,,
2361,2019-02-05T01:53:32Z,"[주식] 만도, 실적 증가했는데 왜 떨어졌을까?",271,,,,,,,,
2306,2019-02-19T01:35:28Z,"SKC코오롱PI, 코오롱인더와의 차이점 (CPI와 PI)",267,,,,,,,,
2295,2019-02-21T12:33:34Z,"KH바텍의 힌지, 삼성전자 폴더블폰에 탑재!! 알아두면 반드시 좋은 기회를 잡을 수 있다!!",267,,,,,,,,
2097,2019-04-24T10:45:50Z,"흥구석유 매도타점 공개!! 유니온, 한진칼 등 육감철학님의 시간외 더 높게 매수 후 장초매도 매매분석, 키움실전투자대회 단박에 2위로 올라와서 1위를 노린다.",267,,,,,,,,
2104,2019-04-22T11:31:10Z,"키이스트, 가장 강한 대장주 하나만 상승한다  키움실전투자대회 상위자 매매내역 모음(2018 04 22) 방탄소년단테마주",265,,,,,,,,
1362,2020-02-11T05:11:59Z,MVC와 MVT의 차이점은?,263,,,,,,,,
2019,2019-05-26T02:44:07Z,"해성옵틱스, 강팔 신규매수, 실적 턴어라운드와 미세 관절경 호재뉴스를 기다린다.",262,,,,,,,,
1876,2019-08-03T14:16:32Z,하이트진로홀딩스우 | 우선주가 매매하기 까다로운 이유 | 일본불매운동(맥주),261,,,,,,,,
1647,2019-09-29T01:56:32Z,"서암기계공업, 안전하면서도 높은 수익을 주는 매수타점",261,,,,,,,,
1998,2019-06-08T02:11:50Z,고려시멘트 | 주식시장의 재미있는 점 | 뜬금없는 테마주 | 생석회 방역 사용으로 의외의 종목이 상한가 간뒤 조정 후 2차장대양봉까지 갔다.,258,,,,,,,,
1664,2019-09-24T11:01:44Z,"이글벳, [스윙관점공개] 처음 매수 가능했던 가격은 하락해도 두 번째 기회는 있다.",256,,,,,,,,
1796,2019-09-01T00:41:49Z,케이엠더블유 자주 보이는 분봉상 단기고점패턴 매일매일 신고가 어디까지 가나,254,,,,,,,,
2023,2019-05-24T11:16:58Z,"엘비세미콘, 정말 잘 나가는 방탄소년단!! 호가창, 차트 분석",254,,,,,,,,
1883,2019-08-03T05:31:03Z,[내부자매도] 리드 | 제2의신라젠을 회피할 수 있는 방법을 알아보자,252,,,,,,,,
1825,2019-08-26T11:11:59Z,[호가창분석] KODEX코스닥150인버스 매매팁 일부 공개,250,,,,,,,,
1871,2019-08-05T11:25:03Z,신라젠 | 왜 임상3상은 실패한것인가2,249,,,,,,,,
1818,2019-08-27T12:30:42Z,호가창 투자자 심리 해석 | 저도 모르게 많은 내용을 풀어버렸습니다. | 미스터블루,249,,,,,,,,
1791,2019-09-02T12:55:33Z,주식하지 마세요  정신적 고통만이 있을 뿐입니다,249,,,,,,,,
2056,2019-05-10T14:34:38Z,"빅텍, 돈 주고 강의 듣지 말고 3위 육감철학님 매매내역을 공부하자, 키움실전투자대회",248,,,,,,,,
2086,2019-04-28T14:26:50Z,"우리손에프앤지, 수급단타왕 매매분석, 하나의 테마에 여러 종목 매매, 돼지열병, 팜스토리, 이지바이오 주가 비교",247,,,,,,,,
1068,2020-03-24T23:27:40Z,"[시황]마장폭등, 무제한양적완화 및 재정지원 그리고 Repo에 대한 이해",246,,,,,,,,
1782,2019-09-04T10:50:03Z,"화천기계, 상한가 진입 패턴, 시간까지 정확하게 알려드립니다  조국테마주",246,,,,,,,,
977,2020-04-22T01:00:25Z,"한국은행 당좌예금계정과 지급결제제도(지급, 청산, 결제)",244,,,,,,,,
2271,2019-02-24T12:15:43Z,"차바이오텍, 악재해소(관리종목해제)와 동남아시아 진출 확대 기대감",244,,,,,,,,
2323,2019-02-16T06:34:02Z,"한국항공우주, 올해 실적은 좋다.",243,,,,,,,,
1970,2019-06-25T14:11:32Z,넥슨지티 | 상승시세의 끝을 보는 것도 트레이더의 의무 | 넥슨매각 재료소멸로 하락 | 한진칼과 다른점,242,,,,,,,,
2257,2019-02-28T13:23:32Z,"삼성엔지니어링을 유가, 수급, 실적, 내부자매입, 차트 순으로 분석해보자!",241,,,,,,,,
1882,2019-08-03T05:58:46Z,[내부자매도] 삼보산업 일동제약 | [공부꿀팁] 내부자매도 공시 찾는 방법을 알려드립니다 | 제2의신라젠을 피하자,238,,,,,,,,
2275,2019-02-24T06:32:57Z,두산중공업 유상증자로 하락,238,,,,,,,,
1920,2019-07-16T10:31:50Z,"삼화콘덴서 | 일본2차수출규제를 대비한 삼성전자의 대응호재로 상승 | 일본1차수출규제(후성, 동진쎄미켐) 초기상승과 비교 | 삼성전기, 아모텍",238,,,,,,,,
2122,2019-04-18T12:15:38Z,전파기지국 키움실전투자대회 상위자 매매내역 분석,238,,,,,,,,
1460,2019-12-09T12:16:42Z,노란딱지를 예방하는 방법,238,,,,,,,,
2107,2019-04-21T14:42:09Z,"에어부산, 종가베팅 자리 암기하자!!, 키움실전투자대회 상위자들 종베 및 단타매매모음",237,,,,,,,,
2280,2019-02-24T01:31:03Z,"앱클론에 안 좋은 뉴스. 희귀난치병 치료제, 해외 임상시험 중인 의약품도 사용가능해진다.",235,,,,,,,,
1566,2019-10-26T08:21:53Z,키움실투대회 점심시간에는 매매하지 않는 단타고수들 2019-10-25,234,,,,,,,,
1465,2019-12-11T09:55:12Z,"젬백스, 알츠하이머는 어떻게 걸리게 되는 걸까?",234,,,,,,,,
1884,2019-08-03T03:27:11Z,[하락장] 7월계좌 결산합니다,233,,,,,,,,
1798,2019-09-01T00:06:37Z,오성첨단소재 돌파실패는 돌파 후 2호가 아래에서 놀면 실패입니다  2호가 위에서 노는 돌파성공과 반대,232,,,,,,,,
2115,2019-04-20T05:40:35Z,"현대바이오, 수급단타왕 폭풍단타! 췌장암 탈모 등 기대감 강한 재료 종목!  주식은 꿈을 먹고 자란다.",231,,,,,,,,
2048,2019-05-12T01:56:37Z,"아이앤씨(반도체), 강팔팀 수익 대부분 반납하고 매도. 아까워보이지만 훌륭한 매매입니다.",228,,,,,,,,
2137,2019-04-16T11:10:44Z,"위닉스, 수급단타왕 라이온 매매내역 분석",228,,,,,,,,
2079,2019-05-03T12:34:01Z,매일 똑같은 분석에 질려버렸습니다. 초기 구독자님들 감사합니다! 안 봐도 맞추는 육감철학님 매매분석! 크리스탈신소재와 윙입푸드,228,,,,,,,,
1937,2019-07-09T12:41:00Z,시장진단 | 최근 주식시장의 비정상적인 하락에 대하여... | 셀트리온,227,,,,,,,,
947,2020-04-26T06:47:10Z,Fed의 기능과 목적 #6 9명 멤버의 임기와 구성,223,,,,,,,,
1879,2019-08-03T09:03:42Z,[선취매] 유니온머티리얼 | 트럼프 중국 관세10% | 중국의 대응은? 희토류,222,,,,,,,,
2311,2019-02-18T11:51:25Z,"KH바텍, 폴더블폰 테마주, 힌지",222,,,,,,,,
2183,2019-04-09T08:29:15Z,강팔 한경닷컴 스타워즈 유틸렉스,220,,,,,,,,
2002,2019-06-02T03:51:11Z,"CJ ENM, 영화산업 독과점이 되나??, 기생충투자배급회사",219,,,,,,,,
1845,2019-08-14T13:32:39Z,2008년 금융위기 코스닥 바닥징후 | 당시 뉴스와 차트,217,,,,,,,,
2094,2019-04-25T11:32:53Z,"동성제약(췌장암), 키움실전투자대회상위자 매매 호가창, 차트 분석, 현대바이오",217,,,,,,,,
1658,2019-09-25T14:02:35Z,"계좌공개, 그리고 고수매매분석 시작합니다.",215,,,,,,,,
1635,2019-10-01T11:50:24Z,주식이 너무 질립니다. 어떡하죠,214,,,,,,,,
1822,2019-08-26T12:48:18Z,[수익공개] 잘 살아있었냐고요? 케이엠더블유 매매수익 공개,214,,,,,,,,
2144,2019-04-15T05:18:05Z,사조동아원 매매내역 분석 키움실전투자대회 수익률4위 주성22,213,,,,,,,,
2030,2019-05-19T12:42:37Z,"카카오, 상승초기 강력한 기관 매수 호가창 리플레이",213,,,,,,,,
1696,2019-09-18T13:15:48Z,유튜브 최대 단점: 악플... 이게 깡통찰 계좌로 보입니까?,213,,,,,,,,
1841,2019-08-14T13:26:00Z,1. 헬릭스미스 2.코스닥바닥징후-주가조작,212,,,,,,,,
2282,2019-02-24T00:26:12Z,아난티의 역사를 알아본다. [금강산 관광] [북미2차정상회담(2.27~28)],212,,,,,,,,
2321,2019-02-16T06:41:13Z,"일신석재, 대북경협주에 이어 실적도?!",212,,,,,,,,
1311,2020-02-20T08:53:12Z,Django POST방식으로 Calculation만들기,211,,,,,,,,
2194,2019-04-04T23:54:51Z,수급단타왕 라이온 매매내역 에프앤리퍼블릭,211,,,,,,,,
1861,2019-08-07T20:00:06Z,"[액면분할] 삼성전자, 아모레퍼시픽 | 액면분할 후 정말로 개미들이 물량을 떠 안았나??",211,,,,,,,,
2135,2019-04-16T13:49:06Z,미래에셋벤처투자 매매내역 분석 키움실전투자대회 수익률1위 1퍼2퍼,210,,,,,,,,
1830,2019-08-19T10:39:32Z,아시아나항공 | 매매전략이 실패하면 아무리 기관이라도 돈 빌리기가 쉽지 않다. | 획기적인 전략을 가져오지 않는다면 기관도 손실...,210,,,,,,,,
2130,2019-04-17T10:42:46Z,키이스트 키움실전투자대회 상위자 매매내역 분석 모음,208,,,,,,,,
1802,2019-08-29T12:32:06Z,알테오젠 전일상한가 종목 공략법 한번은 도달한다  정말로 급한 사람들은 받쳐서 안 산다  위로 시장가로 산다,206,,,,,,,,
1722,2019-09-14T02:22:54Z,"KNN, 호가창분석 단기 급등 후 고점징후",206,,,,,,,,
2035,2019-05-18T02:20:37Z,"정다운, 키움실투대회 육감철학, 이재명 관련주, 에이텍",205,,,,,,,,
2247,2019-03-10T12:47:28Z,"한화생명, 생명보험 수익성 악화 이유는?",204,,,,,,,,
952,2020-04-26T01:28:38Z,Fed의 기능과 목적 #1 5 Functions,204,,,,,,,,
2087,2019-04-28T14:11:21Z,"마니커, 수급단타왕 폭풍단타 매매분석, 돼지열병, 항상 이슈를 확인하고 매매하자",204,,,,,,,,
2084,2019-04-29T12:09:15Z,"현대바이오, 종가베팅하는 자리, 동성제약 상한가(같은 췌장암, 탈모 관련주), 키움실전투자대회 1위 월화수목금 매매내역 분석",203,,,,,,,,
1814,2019-08-28T10:43:04Z,[호가창] 신라젠이 상승하던 지수를 끌어내리는 현상. 급락 후 3분 뒤 인버스 매수하면 됩니다,203,,,,,,,,
1856,2019-08-09T11:57:08Z,한국콜마 | 우리 회장님 일내셨다!! | 자신뿐만 아니라 하청업체 한국기업들까지 팀킬하게 생겼습니다. | 일본불매운동에 최초 한국기업이? | 여성들도 화난다.,202,,,,,,,,
1656,2019-09-26T11:20:33Z,"오픈베이스(안철수테마주), 박스권 안에서 등락폭을 먹는 매매",202,,,,,,,,
2360,2019-02-05T02:07:16Z,"[주식] 현대미포조선, 영업이익 흑자전환에도 하락한 이유는?",200,,,,,,,,
1461,2019-12-11T13:19:39Z,"젬백스, 알츠하이머는 어떻게 걸리게 되는 걸까2",198,,,,,,,,
1256,2020-02-23T10:28:52Z,국부론을 읽어보자 #7,198,,,,,,,,
2294,2019-02-21T13:01:42Z,"셀트리온 결산실적공시(2월25일) 예고,  그 날이 온다...",197,,,,,,,,
2031,2019-05-19T13:13:13Z,"텔코웨어, 한경스타워즈1위 강팔, 5G테마주",197,,,,,,,,
2336,2019-02-11T10:25:50Z,"IHQ, 전일 매집 흔적",196,,,,,,,,
1972,2019-06-25T13:40:35Z,증권사 리포트 모아둔 웹페이지 알려드립니다. | 카카오 17만원 갈까?,196,,,,,,,,
2346,2019-02-07T11:13:47Z,"[주식] 올해 매출 2배 예상, 포스코켐텍",196,,,,,,,,
1819,2019-08-27T12:15:26Z,[호가창] 미스터블루 | 시초가를 깨면 손절하자 | 분봉상 단기 고점 8/21 장초반,195,,,,,,,,
1336,2020-02-19T04:15:19Z,"통일교 결혼, 타다 무죄",195,,,,,,,,
2455,2018-11-02T13:27:25Z,빅토리의131번째주식단타매매영상 셀트리온 1부,195,,,,,,,,
2073,2019-05-06T06:22:15Z,"에이스테크, 현재 에이치시티와 똑같은 차트의 의미는?? 강팔팀의 한결같은 매매, 한경투자대회 1위",194,,,,,,,,
1794,2019-09-02T10:30:27Z,"[상한가]화천기계(조국 테마주), 다음날 대응은?? 2등주(삼보산업)보다 1등주를 매매해야 하는 이유?",193,,,,,,,,
1775,2019-09-05T11:04:11Z,"메가엠디, 쌍봉낙타(3120원) 전 3110원 물량을 자세히 보세요. 차트에 남긴 세력의 흔적 또 나왔습니다.",192,,,,,,,,
1743,2019-09-12T04:04:22Z,추석에 할 거 없으니 계좌공개합니다.,192,,,,,,,,
2089,2019-04-26T13:05:01Z,"유비케어, 실적공시, 기사 이후에 매수해도 수익낼 수 있다  키움실전투자대회 6위 아오토반 매매내역",191,,,,,,,,
1773,2019-09-05T11:39:18Z,"메지온, 신라젠 판박이? 오늘 가장 서프라이즈한 움직임을 보여준 종목이 아닐까 싶습니다.",191,,,,,,,,
2212,2019-03-30T03:06:20Z,수급단타왕 라이온 매매내역 파워로직스,190,,,,,,,,
1234,2020-02-23T06:31:27Z,[Python] f.close()를 자꾸 잊어요. 다른 방법은?,188,,,,,,,,
1913,2019-07-19T10:58:57Z,"부끄러운 스윙매매내역 공개하면서 반성합니다. | 단기고점인 걸 알면서도 욕심에 눈이 멀고 | 수익실현도 느긋, 손절도 느긋",188,,,,,,,,
1834,2019-08-17T06:09:09Z,[시장진단] 금융위기 때 코스닥은 몇퍼센트 하락했을까?(2008년),188,,,,,,,,
1565,2019-10-26T08:50:31Z,키움실투대회 원숭이도 나무에서 떨어질 때가 있다. 2019-10-25,188,,,,,,,,
1304,2020-02-22T06:07:45Z,국부론을 읽어보자 #1,187,,,,,,,,
1772,2019-09-05T12:00:06Z,전부 복구했습니다. 내가 이대로 죽을 거 같았나요? 믿을 건 내 단타실력뿐,187,,,,,,,,
1538,2019-11-04T16:56:06Z,"나노메딕스, 셰일가스에 수처리가 필요한 이유",187,,,,,,,,
2340,2019-02-09T10:59:52Z,[주식] 조정 중인 대북경협주 대아티아이,186,,,,,,,,
2397,2019-02-01T13:17:06Z,빅토리의10번째주식공부영상 네이처셀,185,,,,,,,,
2290,2019-02-22T02:17:11Z,삼성중공업 LNG 선박 발주 증가 예상으로 업종 실적개선 기대감!!,185,,,,,,,,
2347,2019-02-07T10:57:57Z,"[주식] 폴더블폰 테마주, 인터플렉스 급등하다!!",184,,,,,,,,
1832,2019-08-18T10:05:11Z,"신흥에스이씨 | 최고급 양봉은... 외국인, 기관 양매수 양봉 | 뭔가 있지 않을까?",184,,,,,,,,
2376,2019-02-04T01:16:56Z,"[주식] 홍준표 대선테마주 경남스틸, 탑승할 기회도 안 주고 급등하다니...",181,,,,,,,,
1228,2020-02-22T12:41:25Z,Python 숫자 한자리씩 뽑아내기,179,,,,,,,,
2070,2019-05-07T10:57:58Z,"고수는 위기대응능력이 뛰어나다. 크리스탈신소재, 윙입푸드 8시30분 매도, KEC 6시 시간외 매수, 키움실전투자대회 1위 육감철학 매매내역분석",178,,,,,,,,
2210,2019-03-30T03:51:08Z,수급단타왕 라이온 매매내역 에스코넥,176,,,,,,,,
2239,2019-03-19T13:53:00Z,"아프리카TV 갑질논란 당시 주가, 대도서관, 철구",173,,,,,,,,
2053,2019-05-11T01:55:50Z,"에프에스티, 장대양봉에서의 기관(대량),외국인 수급에 대한 거래원,호가창,차트분석",173,,,,,,,,
1724,2019-09-14T01:51:14Z,"KNN, [호가창] 장초에 약세임에도 가격이 하락하지 않으면 상승반등 신호입니다.",171,,,,,,,,
1229,2020-02-22T10:20:45Z,Python 숫자를 뽑아내고 싶어요,171,,,,,,,,
2368,2019-02-04T06:39:32Z,"[주식] 쌍용차, 좀처럼 보기 드문 긴 윗꼬리!!",170,,,,,,,,
2047,2019-05-13T12:27:47Z,"한진칼, 강팔팀 장초반 매수 후 몇일 뒤 손절",169,,,,,,,,
2074,2019-05-04T05:39:53Z,"에이치시티, 스윙투자의 정석, 오랜만에 강팔팀 매매내역분석",169,,,,,,,,
2331,2019-02-14T10:28:46Z,차바이오텍 상장 폐지 가능성으로 주가 급락,169,,,,,,,,
1898,2019-07-29T12:43:17Z,"한진칼, 신흥에스이씨 | 위안 받고 힘내시라고 손절매매내역 공개합니다. 매도관점, 매수관점 공유| 하락장 | 코스닥 -4%",168,,,,,,,,
1709,2019-09-16T11:00:02Z,"흥구석유, 석유 드론 공격(1억가성비짱짱)과 아람코(공장주인) 정리",166,,,,,,,,
2367,2019-02-04T07:17:43Z,"[주식] SG충방, 유시민 내 테마주 다 사기!, 지난 주가흐름을 살펴본다",165,,,,,,,,
2204,2019-04-03T10:20:37Z,수급단타왕 라이온 매매내역 테라젠이텍스,165,,,,,,,,
2350,2019-02-07T10:17:19Z,[주식] 이번 대북경협주는 일신석재다! 용평리조트에 이은 통일재단 재료,163,,,,,,,,
2118,2019-04-20T04:02:00Z,위닉스 수급단타왕 손절  우상향 종목이 아니면 고수라도 수익 내기 힘들다,163,,,,,,,,
2365,2019-02-04T14:09:15Z,"[주식] 삼성전기, 시장의 관심을 받는 현상 포착!! 눈 여겨 봐야하는 종목!!",162,,,,,,,,
948,2020-04-26T05:25:29Z,Fed의 기능과 목적 #5 대통령과 상원의 역할,161,,,,,,,,
2065,2019-05-07T12:46:14Z,"우성사료, 안 좋은 장에는 단기 돈 쏠리는 급등주 매매, 수급단타왕님 매매내역 분석",158,,,,,,,,
1312,2020-02-20T08:48:48Z,Django GET방식으로Calculation만들기,158,,,,,,,,
1783,2019-09-04T10:33:39Z,"화천기계, 여기 보이는 호가창과 차트자리에서 매수하시겠습니까, 매도하시겠습니까",155,,,,,,,,
2124,2019-04-18T10:58:09Z,"에스넷 시간외 상따 후 다음날 장초반 매도, 키움실전투자대회 5위 육감철학 매매내역 분석",155,,,,,,,,
2193,2019-04-08T09:26:15Z,수급단타왕 라이온 매매내역 위닉스,155,,,,,,,,
2129,2019-04-17T10:39:56Z,에스넷 키움실전투자대회 1억리그 6위 육감철학 매매내역 분석,154,,,,,,,,
2315,2019-02-18T11:16:10Z,"아모레퍼시픽, 화장품 업종 흐름 좋다. 삼성전기처럼 단기 조정은 있을 수 있다.",154,,,,,,,,
1939,2019-07-08T11:11:33Z,모나미(애국주) | 같은 테마라도 장대양봉이 나오는 날은 각자 다릅니다. | 2시40분투매상한가패턴,154,,,,,,,,
2213,2019-03-30T02:58:11Z,수급단타왕 라이온 매매내역 영진약품,153,,,,,,,,
2281,2019-02-24T01:04:58Z,"오르비텍, 비핵화 합의를 이룰 수 있을까?? [북미정상회담(2.27~28)] [우라늄]",153,,,,,,,,
2090,2019-04-28T13:00:54Z,"크린앤사이언스, 수급단타왕 매매분석, 시장의 관심에서 멀어진 종목인데 이유는 모르지만 계속해서 종가베팅",153,,,,,,,,
2066,2019-05-07T12:32:16Z,"팜스토리, 지지선매수와 저항선돌파매수 중 어느 것이 확률이 높을까??, 수급단타왕님 매매내역분석",152,,,,,,,,
2072,2019-05-06T11:49:10Z,"아이앤씨, 반도체 테마, 강팔팀 매매내역 분석, 한경투자대회 1위",152,,,,,,,,
2157,2019-04-12T10:58:06Z,"IHQ, 수급단타왕 라이온 매매내역 분석",152,,,,,,,,
2278,2019-02-24T05:59:23Z,셀트리온 실적공시를 대비해 실적 컨센서스를 암기해두자,151,,,,,,,,
2238,2019-03-19T14:00:53Z,"신한, 감사보고서 제출, 의견거절로 상장폐지 절차",150,,,,,,,,
1786,2019-09-03T11:58:48Z,"고려시멘트, 악재가 뜬다면 시초가손절부터하고 보자. 손절한다면 어디에서 해야할까? 악재에도 상승추세유지하므로 좋은흐름",150,,,,,,,,
2182,2019-04-09T09:03:51Z,강팔 한경닷컴 스타워즈 유틸렉스 큐리언트 매수근거,149,,,,,,,,
2432,2018-11-07T07:52:14Z,빅토리의150번째주식단타매매영상 남선알미늄,149,,,,,,,,
2430,2018-11-07T14:10:43Z,빅토리의152번째주식단타매매영상 남선알미늄,149,,,,,,,,
2297,2019-02-21T10:28:27Z,"셀트리온제약, 위험관리실태 점검(2월21일)을 해서 하락한 건 아닌 것 같다.",148,,,,,,,,
2158,2019-04-12T10:44:51Z,"하츠, 수급단타왕 라이온 매매내역 분석",148,,,,,,,,
2045,2019-05-13T13:08:06Z,"코스닥150, 제 예상이 틀렸습니다. 하락장에는 잠시 주식시장을 떠나 있던가, 소액으로 매매하는 걸 추천 드립니다.",148,,,,,,,,
1567,2019-10-26T04:24:08Z,키움실투대회 어떤 종목은 1분안에 팔고 어떤 종목은 10분 버텨보는 이유 2019-10-25 12시 점심,148,,,,,,,,
2099,2019-04-23T11:15:48Z,"상한가 흥구석유, 키움실전투자대회 상위자 육감철학님 시간외 상한가 매수 종목 다음날 추적내용",148,,,,,,,,
1966,2019-06-26T12:51:27Z,스넥(SNEK) | 카카오스탁에 이어 뉴스 보기 편리한 웹사이트 소개합니다.,148,,,,,,,,
1303,2020-02-22T06:21:49Z,국부론을 읽어보자 #2,148,,,,,,,,
2313,2019-02-18T11:32:49Z,"써니전자, 안철수 조기등판 선 긋기로 주가하락",147,,,,,,,,
1353,2020-02-12T05:16:04Z,python|온라인에서 housing 데이터 다운로드,147,,,,,,,,
2139,2019-04-16T11:05:11Z,"인크로스, 주식고수 매매분석, 강팔 한경닷컴 스타워즈",146,,,,,,,,
1936,2019-07-10T10:31:56Z,신라젠 | 무너진 바이오섹터 속에서... 수직급등하는 신라젠 당신은 도대체...,146,,,,,,,,
2026,2019-05-23T12:41:05Z,"알테오젠, 강팔, 옵션계약",146,,,,,,,,
1867,2019-08-06T13:51:00Z,[매매일지] 정말 꿀팁을 하나 알려드립니다 | 신라젠과 지수와의 관계를 매매에 적용하기,144,,,,,,,,
1824,2019-08-26T11:31:41Z,[호가창 비기] 큰물량 와리가리 패턴 | KODEX코스닥150인버스,143,,,,,,,,
2159,2019-04-12T09:50:33Z,"케이아이엔엑스, 주식고수 매매분석, 강팔 한경닷컴 스타워즈",141,,,,,,,,
1815,2019-08-27T14:21:03Z,코오롱생명과학 대응방법 | 감정이입해서 나라면 어떻게 할지 생각해보았습니다. | 코오롱티슈진 상장폐지 결정,140,,,,,,,,
2071,2019-05-06T12:08:10Z,"지어소프트, 추세가 상승이라면 한달동안 들고 있을 수도 있어야 한다!!  강팔팀 매매내역분석, 한경투자대회1위, 인공지능테마주 기억해두자",140,,,,,,,,
1293,2020-02-22T07:26:32Z,국부론을 읽어보자 #5,139,,,,,,,,
2001,2019-06-02T04:35:25Z,"삼성전자(D램가격 하락), 삼성바이오로직스(검찰 조사) 등등",139,,,,,,,,
2123,2019-04-18T11:49:13Z,"마니커, 하림 천하제일단타대회, 키움실전투자대회 상위자 매매 총집합!!",139,,,,,,,,
2385,2019-02-02T03:56:03Z,"대장주를 매매해야 하는 이유(보광산업, 성신양회)",139,,,,,,,,
2429,2018-11-07T14:15:56Z,빅토리의153번째주식단타매매영상 인터불스,138,,,,,,,,
1943,2019-07-04T11:43:49Z,한미약품 | 기술수출반환의 역사 | 총3번의 권리반납이 있었고 2번의 폭락이 있었다...,138,,,,,,,,
2033,2019-05-19T11:51:01Z,"이노와이어리스, 한경스타워즈1위 강팔, 5G테마주, 우상향, 신고가",137,,,,,,,,
1539,2019-11-04T16:17:25Z,나노메딕스 공식|유가 상승→세일가스 채산성 향상→세일가스 공급(시추량) 증가→오염수 수처리 수주 가능성 증가,137,,,,,,,,
2258,2019-02-27T08:35:45Z,"현대차, 엘리엇은 절대 손해보고 나오지 않는다!",137,,,,,,,,
2334,2019-02-12T10:25:14Z,"삼성전기, 상승 추세 지속",137,,,,,,,,
2051,2019-05-11T23:46:17Z,"넷게임즈, 많은 지지와 저항 중 9800원이 중요한 가격인 이유!! 수급단타왕 매매분석",137,,,,,,,,
2098,2019-04-23T12:11:15Z,"현대사료, 동시호가 하락엔 손절타점, 실전투자대회 상위자 매매내역 모음",137,,,,,,,,
2108,2019-04-20T08:16:17Z,"레고켐바이오, 강팔 매매분석, 고수도 털리는 경우가 많다  손절하고 반등",136,,,,,,,,
1969,2019-06-25T14:31:09Z,우리기술투자 | 비트코인 오를 때 멍하니 있었던 걸 반성합니다,135,,,,,,,,
2342,2019-02-07T14:30:39Z,"[주식] 삼성전자 폴더블폰 유출영상으로 테마 상승시작, SKC코오롱PI",135,,,,,,,,
2141,2019-04-16T10:58:13Z,"글로벌텍스프리, 주식고수 매매분석, 강팔 한경닷컴 스타워즈",135,,,,,,,,
950,2020-04-26T02:23:31Z,Fed의 기능과 목적 #3 Decentralized System,134,,,,,,,,
2100,2019-04-23T10:55:48Z,"키이스트, 고수도 하락시엔 미련없이 손절한다  키움실전투자대회 상위자 매매모음2019 04 23",134,,,,,,,,
2205,2019-04-01T10:55:18Z,수급단타왕 라이온 매매내역 신일산업,134,,,,,,,,
2316,2019-02-18T11:02:41Z,"LG화학, 지지와저항 390,000원",133,,,,,,,,
2125,2019-04-18T10:34:35Z,한진칼 오늘도 매매했다!! 키움실전투자대회 상위자들 매매모음,132,,,,,,,,
2352,2019-02-07T09:58:07Z,"[주식] 하한가 풀렸던 파미셀,  외인, 기관 수급이?!",131,,,,,,,,
1789,2019-09-03T10:42:39Z,"화천기계 고점호가창, 쌍봉낙타 또 나왔습니다  조국테마주 기자간담회 다음날 주가 흐름은?",131,,,,,,,,
2112,2019-04-20T02:54:28Z,"아시아나IDT 수급단타왕 매수매도타점 분석, 아시아나항공과는 무슨 관계??",131,,,,,,,,
1570,2019-10-26T02:52:36Z,키움실투대회 자료 많아서 편집해서 올리기는 힘듭니다. 대신 최대한 많이 올려드릴게요. 2019-10-25 10시 20분,130,,,,,,,,
2307,2019-02-19T01:21:28Z,"삼성SDI, 배터리 관련주, LG화학과 같이 보자",130,,,,,,,,
2314,2019-02-18T11:25:08Z,"강스템바이오, 바이오주들 대부분 종가 플러스 마감",129,,,,,,,,
1568,2019-10-26T03:55:47Z,키움실투대회 거래대금 터지고 상승률 +인 종목에 단타고수는 상주한다. 2019-10-25,129,,,,,,,,
1301,2020-02-22T07:14:09Z,국부론을 읽어보자 #4,128,,,,,,,,
2169,2019-04-10T14:20:51Z,강팔 한경닷컴 스타워즈 DSC인베스트먼트,128,,,,,,,,
1774,2019-09-05T11:20:26Z,"메가엠디, 말로 설명할 수 없는 매수세의 약함 느끼셨나요, 좀만 더 힘을 내주면 속이 시원할 거 같은데 그게 없었다",128,,,,,,,,
2024,2019-05-23T13:28:18Z,"유니온, 중국 희토류 수출 중단 카드에 상승",127,,,,,,,,
2576,2018-10-06T08:48:51Z,실전투자대회상위자매매2번째분석영상,126,,,,,,,,
2399,2019-02-01T12:12:29Z,빅토리의8번째주식공부영상 대아티아이,126,,,,,,,,
2186,2019-04-08T14:46:18Z,수급단타왕 라이온 매매내역 에이스테크,126,,,,,,,,
2386,2019-02-02T03:44:55Z,"1등주(대장주)를 매매해야 하는 이유(넥슨지티, 넷게임즈)",126,,,,,,,,
1781,2019-09-04T11:05:21Z,"화천기계, 헤드앤숄더, 조정후 상승으로 착각해서 낚이면 안 됩니다  상승에너지 원리를 알면 차트는 유용한 도구입니다",124,,,,,,,,
1895,2019-07-30T10:39:45Z,두올산업 | 빗썸 인수로 비트코인테마에 합류했다가 철회 후 제자리로 돌아갔습니다,124,,,,,,,,
1784,2019-09-04T10:18:17Z,"화천기계, 숨길 수 없는 흔적이 차트에 그대로 남아 있습니다  상한가 가기 전 종가베팅하기",123,,,,,,,,
1741,2019-09-12T05:59:24Z,"부산산업, 호가창과 차트를 통해 급등하는 순간을 같이 살펴봅니다.",122,,,,,,,,
2128,2019-04-17T02:31:13Z,한진칼 매매내역 분석 키움실전투자대회 상위자 실황중계,122,,,,,,,,
1847,2019-08-12T11:08:57Z,빅토리주식TV님의 실시간 스트리밍,120,,,,,,,,
2133,2019-04-17T10:47:03Z,"하츠, 위닉스 수급단타왕 및 키움실전투자대회 1억리그 9위 BDBAJSS 매매내역 분석",120,,,,,,,,
2218,2019-03-30T00:01:23Z,수급단타왕 라이온 매매내역  에프앤리퍼블릭,120,,,,,,,,
951,2020-04-26T01:52:29Z,Fed의 기능과 목적 #2 Single bank(X) System(O),120,,,,,,,,
1257,2020-02-23T09:02:27Z,국부론을 읽어보자 #6,120,,,,,,,,
1973,2019-06-25T12:30:34Z,2015년 공부했던 증권사 리포트 삭제정리영상 | 애널리스트분들 생각보다 주가를 잘 맞추는 것에 놀랐습니다!!,118,,,,,,,,
2262,2019-02-26T03:20:43Z,한국 ETF 보수가 높은 이유??,118,,,,,,,,
2178,2019-04-10T03:11:12Z,강팔 한경닷컴 스타워즈 알테오젠,117,,,,,,,,
2049,2019-05-12T01:36:43Z,"시장진단, 다음주 반등 예상합니다. 악재 반전할 소식들이 주말동안 대거 발생(미중무역협상, 북한미사일)",117,,,,,,,,
2206,2019-04-01T10:25:51Z,수급단타왕 라이온 매매내역 아난티,117,,,,,,,,
2160,2019-04-12T10:09:31Z,"디피씨, 주식고수 매매분석, 강팔 한경닷컴 스타워즈",117,,,,,,,,
1975,2019-06-25T10:18:04Z,날씨매매법 | 농담이 아니라 진짜 과학적 근거 있습니다. | 아무도 몰랐을 여러분의 매매성공확률을 높여줄 매매기법!!,116,,,,,,,,
1800,2019-08-26T19:39:41Z,한국화장품 | 매년 돌아오는 중추절(중국의 추석),116,,,,,,,,
2068,2019-05-07T11:42:16Z,"에프에스티, 스윙투자자도 위기대응능력은 단타치는 키움실전투자대회 상위자와 같다  강팔팀 매매내역 분석, 한경닷컴스타워즈 1위, 에이스테크, 아이앤씨,  에스넷",116,,,,,,,,
2575,2018-10-06T09:06:43Z,실전투자대회상위자매매3번째분석영상,116,,,,,,,,
2022,2019-05-24T11:39:11Z,"케이엠,  수급단타왕, 우하향하는 종목은 손절이 많다. 미세먼지관련주, 반도체 관련주",115,,,,,,,,
2152,2019-04-13T01:11:22Z,"퍼스텍, 수급단타왕 라이온 매매내역 분석",115,,,,,,,,
2163,2019-04-10T15:34:35Z,강팔 한경닷컴 스타워즈 웹케시,115,,,,,,,,
2132,2019-04-17T02:34:27Z,케이사인 매매내역 분석 키움실전투자대회 상위자 실황중계,114,,,,,,,,
2328,2019-02-16T05:07:05Z,"엠아이텍 상한가, 매수할 기회가 없었으므로 놓아주자.",113,,,,,,,,
2400,2019-02-01T11:50:50Z,빅토리의7번째주식공부영상 용평리조트,113,,,,,,,,
2390,2019-02-02T01:17:20Z,빅토리의17번째주식공부영상 삼성중공업,113,,,,,,,,
2170,2019-04-10T14:09:02Z,강팔 한경닷컴 스타워즈 아주IB투자,112,,,,,,,,
1868,2019-08-05T13:36:21Z,유니온머티리얼 | 뉴스를 기다리는 선취매 | 선취매의 선취매하는 그날까지 |,111,,,,,,,,
2417,2018-11-11T02:32:56Z,빅토리의163번째주식단타매매영상 엘앤씨바이오,111,,,,,,,,
1302,2020-02-22T06:31:50Z,국부론을 읽어보자 #3,111,,,,,,,,
2120,2019-04-20T01:49:54Z,아시아나항공 수급단타왕 단일가매매타점  에어부산과 똑같은 시간에 매수매도  한경투자대회 2위,110,,,,,,,,
2359,2019-02-05T02:13:19Z,"[주식] 오르비텍, 대북경협주",110,,,,,,,,
2341,2019-02-07T14:50:37Z,"[주식] 2차 전지, 에코프로",109,,,,,,,,
2312,2019-02-18T11:42:45Z,"한국항공우주, 주당 당기순이익 1등",109,,,,,,,,
1846,2019-08-13T07:08:39Z,마지막 매매일지입니다. | 2019년 월별 손익금 공개!!,109,,,,,,,,
2102,2019-04-22T12:41:39Z,"흥구석유, 키움실전투자대회5위 육감철학, 시간외상한가매수 분석, 전고점 위에서 매수했는데 내일은 어떻게 될까",108,,,,,,,,
2437,2018-11-06T09:21:29Z,빅토리의145번째주식단타매매영상 메지온,108,,,,,,,,
2172,2019-04-10T13:34:19Z,"주식단타매매영상 하락장에서 수익내는 법, 추세를 끝까지 가져가는 매매의 중요성!!",107,,,,,,,,
1954,2019-06-30T03:35:55Z,KOSDAQ | '바이오섹터 하락'과 '미중정상회담 결과' 중 어느 것이 시장에 더 큰 영향을 줄까? 저도 궁금합니다.,107,,,,,,,,
2250,2019-03-04T14:02:31Z,"신라젠, 제약바이오주가 다시 살아난다.",106,,,,,,,,
2161,2019-04-11T13:02:43Z,주식 고수의 매매를 분석해본다! 강팔 한경닷컴 스타워즈 파멥신,106,,,,,,,,
2043,2019-05-13T14:01:30Z,"환율이 심상치 않다?? 수출, 무디스, 북한리스크, 외환위기, ETN양매도",106,,,,,,,,
2369,2019-02-04T06:19:47Z,"[주식] 대웅제약, 나보타 FDA 판매 승인",104,,,,,,,,
2185,2019-04-08T14:57:56Z,수급단타왕 라이온 매매내역 우리기술투자,104,,,,,,,,
2478,2018-10-27T15:20:48Z,빅토리의108번째주식단타매매영상 옵티팜,103,,,,,,,,
2187,2019-04-08T14:38:17Z,수급단타왕 라이온 매매내역 서연이화,103,,,,,,,,
2154,2019-04-13T00:06:00Z,"대명코퍼레이션, 수급단타왕 라이온 매매내역 분석",102,,,,,,,,
2221,2019-03-29T12:53:58Z,수급단타왕 라이온 매매내역 대유위니아,102,,,,,,,,
2497,2018-10-22T13:01:25Z,빅토리의1번째주식공부영상,100,,,,,,,,
1816,2019-08-27T12:57:38Z,[호가창] 시원한 돌파급등을 보실 수 있습니다. | 라운드피겨 도달 패턴 | 미스터블루,100,,,,,,,,
2348,2019-02-07T10:50:04Z,"[주식] 언제 갈지 모르니 지켜보자, 안철수 대선테마주 써니전자!",99,,,,,,,,
2146,2019-04-15T04:45:31Z,한진칼 매매내역 분석 키움실전투자대회 수익률1위 1퍼2퍼,99,,,,,,,,
2589,2018-10-04T10:45:30Z,빅토리의2번째주식단타매매영상,97,,,,,,,,
2201,2019-04-03T10:52:33Z,수급단타왕 라이온 매매내역 바이넥스,97,,,,,,,,
2423,2018-11-09T03:11:55Z,빅토리의158번째주식단타매매영상 초록뱀,97,,,,,,,,
2337,2019-02-10T06:06:55Z,"국일신동, 황교안 대선테마주",96,,,,,,,,
2353,2019-02-06T13:23:17Z,"[주식]  삼성전기에 이은 영업이익 1조 클럽, GS건설!",96,,,,,,,,
2106,2019-04-21T15:05:54Z,"현대바이오, 키움실전투자대회 상위자 모두 종가베팅하려다가 매도했다 . 이유를 알면 당신은 고수!!",96,,,,,,,,
2114,2019-04-20T04:39:45Z,"신일산업 수급단타왕의 위닉스, 하츠에 이은 미세먼지테마주 단타",96,,,,,,,,
1763,2019-09-06T23:52:27Z,느린 판단과 행동을 고치고 싶으신 분이 있다면 주식하세요  단박에 고쳐집니다,96,,,,,,,,
1897,2019-07-29T13:28:27Z,"하락장 | 힘든 시기... 잘 이겨내야 합니다. | 심리적으로 괴로운 그 때가... 가장 공부해야 할 때입니다. | 나의 생각 이것저것(손절과 매매일지, 그리고 공부)",95,,,,,,,,
2453,2018-11-04T13:22:09Z,빅토리의131번째주식단타매매영상 셀트리온 3부,95,,,,,,,,
2396,2019-02-01T13:25:18Z,빅토리의11번째주식공부영상 일신석재,94,,,,,,,,
2188,2019-04-08T14:31:58Z,수급단타왕 라이온 매매내역 엠에스오토텍,94,,,,,,,,
2259,2019-02-27T07:42:51Z,"아난티, 최고점 주가와 당시 뉴스를 공부하고 내일 매매에 활용하자.",94,,,,,,,,
2398,2019-02-01T13:08:26Z,빅토리의9번째주식공부영상 현대중공업,94,,,,,,,,
1859,2019-08-08T13:12:32Z,매매일지 | 매매일지 오늘 것과 전에 밀린 내용 정리합니다. 주저리주저리 말해서 안보셔도 됩니다.,93,,,,,,,,
2111,2019-04-20T07:12:09Z,"위지윅스튜디오 강팔팀이 장대음봉 이후 매도하지 않은 사례, 최근 인수설이 있는 덱스터와 같은 산업",93,,,,,,,,
2351,2019-02-07T10:08:43Z,"[주식] 대북경협주 거래대금 5위, 대아티아이!!",93,,,,,,,,
2476,2018-10-28T02:44:28Z,빅토리의110번째주식단타매매영상 한창제지,92,,,,,,,,
2456,2018-11-01T11:43:54Z,빅토리의130번째주식단타매매영상 엘앤씨바이오,92,,,,,,,,
2391,2019-02-02T00:56:08Z,빅토리의16번째주식공부영상 대우조선해양,92,,,,,,,,
2209,2019-03-30T04:18:56Z,수급단타왕 라이온 매매내역 모나리자,92,,,,,,,,
2015,2019-05-27T12:57:02Z,"new, 강팔팀 신규매수, 기생충의 칸 영화제 황금종려상 호재로 점상 간 바른손이앤에이 다음으로 영화 관련주 순환매!!",92,,,,,,,,
1801,2019-08-26T19:05:08Z,샘표 | 추석명절세트 나오길래 추석 테마주인줄 알았습니다.,91,,,,,,,,
2134,2019-04-16T23:43:29Z,덱스터 매매내역 분석 키움실전투자대회 수익률3위 리미트리스,91,,,,,,,,
1905,2019-07-27T17:03:59Z,코스닥 왜이래?! | 수요일부터 여행다녀왔습니다. | 아쉬운 여행인 이유... 트레이딩 관점,91,,,,,,,,
2126,2019-04-17T10:34:04Z,토비스 키움실전투자대회 1억리그 7위 블루칩 매매내역 분석,91,,,,,,,,
2428,2018-11-08T10:35:18Z,빅토리의154번째주식단타매매영상 초록뱀,91,,,,,,,,
1844,2019-08-14T13:02:20Z,2008년 금융위기 코스닥 차트,91,,,,,,,,
2116,2019-04-20T06:17:57Z,"팜스토리 수급단타왕 전고점 돌파 종베, 최대주주인 이지바이오와 같은 주가 흐름, 마니커도 같이 보자.",90,,,,,,,,
2162,2019-04-11T12:40:07Z,"[주식] 4월11일 고수의 매매를 분석해본다! 케이아이엔엑스, CS, 동양피엔에프, 세아제강, 강팔 한경닷컴 스타워즈",90,,,,,,,,
2143,2019-04-15T05:00:53Z,코오롱티슈진 매매내역 분석 키움실전투자대회 수익률5위 블루칩,89,,,,,,,,
1869,2019-08-05T13:06:00Z,[매매일지][사이드카 발동] 코스닥  -7%인 오늘같은 대폭락 장에도 벌었다고?!,89,,,,,,,,
1842,2019-08-15T07:47:18Z,금융위기 코스닥 바닥징후1 - 주가조작(2008년) #1편,89,,,,,,,,
2363,2019-02-04T14:57:39Z,"[주식] 미친 테마 두번째? 고려시멘트, 대북경협과 예타면제 테마주 동시에?!",89,,,,,,,,
2184,2019-04-09T07:48:53Z,강팔 한경닷컴 스타워즈 큐리언트,88,,,,,,,,
2362,2019-02-05T01:37:24Z,"[주식] 까뮤이앤씨, 전고점 돌파",87,,,,,,,,
2354,2019-02-06T12:59:30Z,[주식] 이번엔 안철수 대선테마주 써니전자!,87,,,,,,,,
2189,2019-04-08T14:16:31Z,수급단타왕 라이온 매매내역 CMG제약,87,,,,,,,,
2357,2019-02-06T08:38:47Z,[주식] 폴더블폰 공개임박?! 폴더블폰 관련주 코오롱인더,87,,,,,,,,
2305,2019-02-19T03:53:46Z,"회사채 발행, 기업들은 유동성 위기 위험을 느꼈나?",86,,,,,,,,
2303,2019-02-19T10:24:08Z,"넷마블, 매각설 추진 기사에서 부인 공시까지 주가도 급등락",85,,,,,,,,
2216,2019-03-30T00:53:44Z,수급단타왕 라이온 매매내역  위닉스,85,,,,,,,,
2402,2018-11-15T08:59:48Z,빅토리의177번째주식단타매매영상 한창,84,,,,,,,,
2454,2018-11-03T04:30:33Z,빅토리의131번째주식단타매매영상 셀트리온 2부,84,,,,,,,,
1850,2019-08-12T12:29:13Z,[매매일지] 오늘도 벌어버렸습니다. | 내가 인버스를 하게 된 이유와 추세추종에 관하여...,84,,,,,,,,
1929,2019-07-12T11:35:42Z,시장진단 | 금리인하에 대하여... | 중립금리? 필립스곡선? | 파월의장의 생각 | 한은의 결정은??,84,,,,,,,,
2299,2019-02-20T09:33:06Z,"아모레퍼시픽, 중국인 관광객 증가 보고서(2월15일발표)를 살펴보자.",84,,,,,,,,
2175,2019-04-10T05:47:22Z,강팔 한경닷컴 스타워즈 크린앤사이언스,83,,,,,,,,
1918,2019-07-16T21:58:11Z,천명구독자 감사합니다!!,83,,,,,,,,
2373,2019-02-04T01:58:55Z,[주식] 실적이 주가를 견인한다!! 서울반도체,83,,,,,,,,
1576,2019-10-24T23:34:31Z,"3분기 GDP 0.4%, 올해 성장률 2% 달성 어려움 (민간투자)",83,,,,,,,,
2377,2019-02-03T16:54:04Z,"[주식] 한진칼, 연기금 경영참여 결정에 외인, 기관 모두 매수!!",82,,,,,,,,
2418,2018-11-10T16:53:54Z,빅토리의162번째주식단타매매영상 케이엠제약,82,,,,,,,,
2203,2019-04-03T10:30:09Z,수급단타왕 라이온 매매내역 화일약품,82,,,,,,,,
1817,2019-08-27T12:34:33Z,저점 투매유발 물량 저점 징후 | 호가창에 너무 몰입하면 작은 움직임에 판단이 휙휙 바뀝니다.,81,,,,,,,,
2389,2019-02-02T02:34:47Z,빅토리의18번째주식공부영상 넥슨지티,81,,,,,,,,
1852,2019-08-11T02:15:13Z,네이버(NAVER) | 엄마아빠(삼성SDS)한테 보고 배운대로 따라서 나도 CIC!! [최초] 천명구독자달성이벤트 얼굴공개합니다.,79,,,,,,,,
2491,2018-10-24T07:09:14Z,빅토리의2번째주식공부영상,79,,,,,,,,
2217,2019-03-30T00:30:33Z,수급단타왕 라이온 매매내역  해마로푸드서비스,79,,,,,,,,
2374,2019-02-04T01:49:58Z,"[주식] 황교안 대선테마주, 한창제지",78,,,,,,,,
1934,2019-07-10T11:05:51Z,SK하이닉스 | 여러분은 악재가 호재가 되는 상황을 보고 계십니다. | 낸드플래시 감산 | 삼성전자,78,,,,,,,,
1742,2019-09-12T05:39:38Z,"푸른기술, 대북강경파 볼턴이 경질당하자 대북경협주가 들썩",76,,,,,,,,
2459,2018-10-31T03:14:13Z,빅토리의127번째주식단타매매영상 남선알미늄,76,,,,,,,,
2327,2019-02-16T05:11:48Z,비에이치 폴더블폰 테마주,75,,,,,,,,
2358,2019-02-05T02:26:19Z,"[주식] 자회사가 진짜 많은 신한지주, 오렌지라이프도 자회사 편입!!",74,,,,,,,,
2408,2018-11-13T10:17:55Z,빅토리의172번째주식단타매매영상 지스마트글로벌,74,,,,,,,,
2345,2019-02-07T11:18:29Z,"[주식] 원자력발전소 대북경협주, 우리기술!!",73,,,,,,,,
2296,2019-02-21T10:54:38Z,"에이블씨엔씨, 화장품 업종의 힘! 적자전환이어도 실적개선 기대감에 주가는 상승한다!",72,,,,,,,,
2211,2019-03-30T03:22:05Z,수급단타왕 라이온 매매내역 스페코,71,,,,,,,,
1855,2019-08-09T12:23:02Z,매매일지 | 조만간 손실 볼 것 같은 느낌입니다. | 몸도 힘들고 지치고 멘탈도 나가고... | 처음 접하시는 분들은 절대로 이 지독한 주식투자 시작하지마세요~ㅎ,70,,,,,,,,
2375,2019-02-04T01:34:47Z,"[주식] 홍준표 대선테마주 홈센타홀딩스, 주말에 뉴스를 잘 보자!!",69,,,,,,,,
2388,2019-02-02T02:51:13Z,예타면제(예비타당성조사 면제) 테마주 성신양회,68,,,,,,,,
2372,2019-02-04T02:07:04Z,"[주식] SK네트웍스, 실적 기대감으로 점진적 우상향",68,,,,,,,,
2468,2018-10-30T10:17:06Z,빅토리의118번째주식단타매매영상 로보티즈,68,,,,,,,,
1863,2019-08-07T12:12:02Z,[매매일지] 매매일지 쓰다가 제 밑천 다 드러내게 생겼습니다 | 꿀팁들 대방출!!,67,,,,,,,,
2298,2019-02-21T10:14:03Z,"비에이치, 폴더블폰 테마주 기대감 해소에 하락",67,,,,,,,,
2424,2018-11-09T03:01:36Z,빅토리의157번째주식단타매매영상 키이스트,67,,,,,,,,
2466,2018-10-30T13:28:13Z,빅토리의120번째주식단타매매영상 디피씨,66,,,,,,,,
2309,2019-02-19T01:08:31Z,"코오롱인더, 폴더블폰 수혜주 탈락으로 주가급락 ㅠㅠ",66,,,,,,,,
2110,2019-04-20T04:59:06Z,"크린앤사이언스 수급단타왕 종베종목, 미세먼지테마주, 567월에 상승 전력이 있다  이번에는??",66,,,,,,,,
2452,2018-11-04T15:31:17Z,빅토리의131번째주식단타매매영상 셀트리온 4부,66,,,,,,,,
1739,2019-09-12T07:20:34Z,"케이엠더블유, 기사에는 블록딜 44만주 매도인데 공시에는 40만주 매도인 이유",65,,,,,,,,
2195,2019-04-04T10:49:08Z,수급단타왕 라이온 매매내역 대성창투,65,,,,,,,,
2147,2019-04-14T12:14:18Z,주식을 하면 생기는 장점!!,65,,,,,,,,
1827,2019-08-16T11:56:49Z,코스피(KOSPI) 외국인 연속14일 순매도,65,,,,,,,,
2269,2019-02-24T13:24:24Z,"넥슨인수 간략정리, 넷마블은 Tencent의 자회사가 17.7% 지분을 소유하고 있다",65,,,,,,,,
2425,2018-11-08T13:01:35Z,빅토리의3번째주식공부영상 저점,65,,,,,,,,
2448,2018-11-05T11:02:10Z,빅토리의134번째주식단타매매영상 텔루스,63,,,,,,,,
2260,2019-02-26T10:57:14Z,AJ네트웍스 영업이익 94% 감소(2.26) [증여(1.2)],63,,,,,,,,
2232,2019-03-20T02:00:37Z,삼성전자 화관법으로 공장 가동을 멈춰야 할 수도 있다.,63,,,,,,,,
2117,2019-04-20T06:55:02Z,"인터플렉스, 강팔, 매매분석, 전고점 돌파, 삼성전자 폴더블폰 관련주",62,,,,,,,,
2332,2019-02-13T09:23:53Z,"삼성전기, 이틀 연속 상승",62,,,,,,,,
2151,2019-04-13T00:52:32Z,"넷게임즈, 수급단타왕 라이온 매매내역 분석",62,,,,,,,,
1667,2019-09-24T08:45:25Z,"헬릭스미스, 결과설명살펴보기 #1 DPN(Diabetic Peripheral Neuropathy)?! 병명이 너무 어렵다.",61,,,,,,,,
2344,2019-02-07T11:28:28Z,"[주식]상한가 우진!! 시가고가 아닌 종가고가, 원자력발전소 대북경협주",59,,,,,,,,
2335,2019-02-12T10:35:02Z,"아난티, 짐 로저스란 이름의 강력함",58,,,,,,,,
1666,2019-09-24T09:20:22Z,"헬릭스미스, 임상결과 안정성(safety) 분석",58,,,,,,,,
2103,2019-04-22T12:23:36Z,"마니커, 키움실전투자대회 상위자 매매내역 모음(2018 04 22)  아프리카열병 닭고기",58,,,,,,,,
2155,2019-04-12T10:28:11Z,"신일산업, 수급단타왕 라이온 매매내역 분석",57,,,,,,,,
2191,2019-04-08T10:37:32Z,수급단타왕 라이온 매매내역 하츠,57,,,,,,,,
2419,2018-11-10T16:37:03Z,빅토리의161번째주식단타매매영상 남선알미늄,56,,,,,,,,
2215,2019-03-30T01:59:58Z,수급단타왕 라이온 매매내역  일신석재,56,,,,,,,,
2355,2019-02-06T09:16:01Z,"[주식] 2차 북미정상회담 베트남서 개최!!, 대북경협주 현대엘리베이",56,,,,,,,,
2422,2018-11-09T05:27:08Z,빅토리의159번째주식단타매매영상 크린앤사이언스,56,,,,,,,,
2426,2018-11-08T12:54:00Z,빅토리의156번째주식단타매매영상 삼본정밀전자,55,,,,,,,,
2202,2019-04-03T10:45:19Z,수급단타왕 라이온 매매내역 신라젠,55,,,,,,,,
1949,2019-07-02T12:46:00Z,현대차 | 사드에 치이고 미중무역전쟁에 치이고... | 제조업 재고가 IMF 이래 최대(그 중 자동차재고가1위),54,,,,,,,,
2339,2019-02-09T11:10:53Z,"[주식]  강력한 넥슨 인수 참여후보, 넷마블!!",54,,,,,,,,
2176,2019-04-10T05:19:35Z,강팔 한경닷컴 스타워즈 넥스트리밍,54,,,,,,,,
2164,2019-04-10T15:26:33Z,강팔 한경닷컴 스타워즈 세아제강,54,,,,,,,,
2234,2019-03-19T23:41:10Z,"회사채 투자 러시, 유동성공급위기와는 다른 해석(회사채 금리가 떨어져서 은행 신규대출보단 회사채 발행)",54,,,,,,,,
2200,2019-04-03T23:05:12Z,수급단타왕 라이온 매매내역 팜스토리,54,,,,,,,,
2469,2018-10-30T08:08:03Z,빅토리의117번째주식단타매매영상 옵티팜,53,,,,,,,,
2059,2019-05-09T14:42:07Z,"북한미사일(빅텍), 악재는 연속으로 오는 거 실화냐  대북경협주  거래대금상위종목들",53,,,,,,,,
1790,2019-09-03T10:25:05Z,화천기계 상한가는 '조국 기자간담회 후 의혹해소됐다는 명분으로 청와대가 임명 강행할 것'이란 시나리오를 노린 매수세였습니다,53,,,,,,,,
2587,2018-10-04T15:50:27Z,빅토리의4번째주식단타매매영상,53,,,,,,,,
2142,2019-04-15T03:25:18Z,아시아나항공 매매내역 분석 키움실전투자대회 수익률1위 1퍼2퍼,52,,,,,,,,
2371,2019-02-04T05:57:14Z,"[주식] 비에이치, FPCB 가격 상승으로 주가도 상승!!",52,,,,,,,,
2177,2019-04-10T03:35:44Z,강팔 한경닷컴 스타워즈 티웨이항공,51,,,,,,,,
2060,2019-05-09T14:23:08Z,"시장점검, 내일 대응 전략, 시장 하락 이유",51,,,,,,,,
2050,2019-05-12T01:13:14Z,"환율 근황, 5월 안에 한국은 '환율관찰국대상'에서 제외 예상. 미국한테 잘못 보여서 좋을 게 없다.",51,,,,,,,,
2207,2019-04-01T03:10:53Z,수급단타왕 라이온 매매내역 뉴트리,50,,,,,,,,
2197,2019-04-04T09:37:10Z,수급단타왕 라이온 매매내역 인디에프,50,,,,,,,,
2461,2018-10-31T01:41:18Z,빅토리의125번째주식단타매매영상 한송네오텍,50,,,,,,,,
2412,2018-11-12T12:06:56Z,빅토리의168번째주식단타매매영상 KH바텍,50,,,,,,,,
2063,2019-05-07T22:33:20Z,"RFHIC, 5G테마주, 강팔팀 매매내역 분석, 상승하는 데 매도한 예외적인 매매",50,,,,,,,,
2214,2019-03-30T02:41:38Z,수급단타왕 라이온 매매내역 한창,49,,,,,,,,
2462,2018-10-30T15:23:48Z,빅토리의124번째주식단타매매영상 한창제지,49,,,,,,,,
2356,2019-02-06T09:02:50Z,[주식] 폴더블폰 관련주 이녹스첨단신소재,48,,,,,,,,
2435,2018-11-06T12:36:18Z,빅토리의147번째주식단타매매영상 옵티팜,47,,,,,,,,
2451,2018-11-05T06:37:59Z,빅토리의131번째주식단타매매영상 셀트리온 5부,47,,,,,,,,
2586,2018-10-05T02:22:45Z,빅토리의5번째주식단타매매영상,47,,,,,,,,
2409,2018-11-13T08:20:39Z,빅토리의171번째주식단타매매영상 힘스,47,,,,,,,,
1808,2019-08-29T10:41:15Z,삼성바이오로직스 호가창은 어땠을까? 오후 2시 삼성 이재용 부회장 판결 당시 주가,46,,,,,,,,
2145,2019-04-15T02:41:06Z,"주식단타매매영상, 시장에서 배추 나르는 모습을 보며 의지를 다진다",46,,,,,,,,
2109,2019-04-20T10:51:55Z,우선주가 날뛰면 고점?? 각종 우선주들과 KOSPI를 비교해본다  노가다!!,46,,,,,,,,
2366,2019-02-04T07:27:38Z,"[주식] 제일바이오, 구제역 테마주",45,,,,,,,,
2416,2018-11-11T02:49:12Z,빅토리의164번째주식단타매매영상 수산중공업,45,,,,,,,,
2000,2019-06-06T11:32:24Z,"현대차, 상승하고 있는데 악의적인 기사가 나온다면 상승을 더 확신할 수 있다.",45,,,,,,,,
2196,2019-04-04T10:33:55Z,수급단타왕 라이온 매매내역 빅텍,44,,,,,,,,
2131,2019-04-16T23:40:12Z,한진칼 매매내역 분석 키움실전투자대회 상위자 매매모음,44,,,,,,,,
2227,2019-03-20T12:09:55Z,"차바이오텍, 감사보고서 제출 지연 공시로 급락",44,,,,,,,,
2198,2019-04-03T23:34:51Z,수급단타왕 라이온 매매내역 좋은사람들,44,,,,,,,,
2387,2019-02-02T03:01:04Z,예타면제(예비타당성조사 면제) 테마 대장주 보광산업,44,,,,,,,,
2138,2019-04-16T11:08:24Z,"하츠, 수급단타왕 라이온 매매내역 분석",43,,,,,,,,
2167,2019-04-10T14:49:46Z,강팔 한경닷컴 스타워즈 원익QnC,43,,,,,,,,
2421,2018-11-09T10:53:58Z,빅토리의160번째주식단타매매영상 보해양조,43,,,,,,,,
2308,2019-02-19T01:09:43Z,"아난티, 문대통령 금강산 언급으로 주가 상승!",42,,,,,,,,
2407,2018-11-14T11:36:57Z,빅토리의5번째주식공부영상,42,,,,,,,,
2411,2018-11-12T13:18:11Z,빅토리의169번째주식단타매매영상 대유에이텍,42,,,,,,,,
2370,2019-02-04T06:06:32Z,"[주식] 원익IPS, 반도체 업황 두려 악재 뉴스 뜬 날이 저점?!",41,,,,,,,,
2127,2019-04-17T10:37:35Z,화성밸브 키움실전투자대회 1억리그 8위 주성22 매매내역 분석,41,,,,,,,,
2420,2018-11-10T15:00:42Z,빅토리의4번째주식공부영상,41,,,,,,,,
1807,2019-08-29T10:56:34Z,삼성바이오로직스 폭락 호가창 어제 인버스매수시점영상 보신 분들은 매매 쉽게 하셨을 겁니다.,41,,,,,,,,
2472,2018-10-29T11:27:51Z,빅토리의114번째주식단타매매영상 옵티팜,40,,,,,,,,
2477,2018-10-28T00:57:28Z,빅토리의109번째주식단타매매영상 남선알미늄,40,,,,,,,,
2406,2018-11-14T11:58:36Z,빅토리의173번째주식단타매매영상 대유에이텍,39,,,,,,,,
2265,2019-02-26T02:11:14Z,"대아티아이, [열차 이벤트] [북미정상회담] [김정은위원장]",39,,,,,,,,
2324,2019-02-16T06:29:56Z,"아프리카TV, 실적 별풍선 터지다",39,,,,,,,,
2225,2019-03-23T02:22:29Z,"손절을 해야 하는 이유, 감정예측의 중요성, 아난티",37,,,,,,,,
2105,2019-04-22T11:09:42Z,"아오 지겨워, 왜 한진칼만 매매하는거야??  키움실전투자대회 상위자 매매내역 모음(2019년 4월22일 )",37,,,,,,,,
2235,2019-03-19T23:29:40Z,"교보생명, 풋옵션 40만원이냐 20만원이냐",37,,,,,,,,
2268,2019-02-24T23:00:51Z,"LG전자 5G폰 공개, MC 매출비중은 약 20%!! [삼성전자 폴더블폰]",36,,,,,,,,
2467,2018-10-30T11:09:28Z,빅토리의119번째주식단타매매영상 옵티팜,36,,,,,,,,
2242,2019-03-18T02:09:02Z,"한국콜마 화장품 관련주, 중국 관광객 증가 호재로 상승!!",36,,,,,,,,
2148,2019-04-14T02:45:11Z,[주식] 손절이 중요한 핵심 이유 2가지!! 매매영상 복기,36,,,,,,,,
2343,2019-02-07T14:14:16Z,[주식] 폴더블폰 테마의 시작인가? 비에이치,36,,,,,,,,
2433,2018-11-07T07:14:37Z,빅토리의149번째주식단타매매영상 크린앤사이언스,34,,,,,,,,
2442,2018-11-05T11:51:56Z,빅토리의140번째주식단타매매영상 아시아종묘,34,,,,,,,,
2156,2019-04-12T09:30:22Z,"신세계인터내셔날, 주식고수 매매분석, 강팔 한경닷컴 스타워즈",33,,,,,,,,
2179,2019-04-09T10:02:54Z,강팔 한경닷컴 스타워즈 앱클론,33,,,,,,,,
1823,2019-08-26T12:01:09Z,"[호가창 횡보패턴] 트럼프, 시진핑의 생각을 읽을 수 없다면 인버스 종가배팅은 논리적으로 할 수 없습니다. | KODEX코스닥150인버스",33,,,,,,,,
2149,2019-04-13T01:57:38Z,"넥슨지티, 수급단타왕 라이온 매매내역 분석",32,,,,,,,,
2463,2018-10-30T14:44:41Z,빅토리의123번째주식단타매매영상 바이오로그디바이스,32,,,,,,,,
2440,2018-11-05T12:00:20Z,빅토리의142번째주식단타매매영상 옵티팜,32,,,,,,,,
2322,2019-02-16T06:38:18Z,스튜디오드래곤 헷갈리는 증권사 리포트와 주가,32,,,,,,,,
2224,2019-03-23T02:59:56Z,"아시아나항공 22일 거래정지의 이유는? 26일 거래재개,",30,,,,,,,,
2264,2019-02-26T02:20:25Z,카카오 [챗봇 서비스] [카페] [거래대금5위],30,,,,,,,,
2401,2019-01-06T14:18:08Z,빅토리의6번째주식공부영상,30,,,,,,,,
2427,2018-11-08T10:56:54Z,빅토리의155번째주식단타매매영상 인터불스,30,,,,,,,,
2199,2019-04-03T23:20:21Z,수급단타왕 라이온 매매내역 신원,30,,,,,,,,
2434,2018-11-06T13:31:00Z,빅토리의148번째주식단타매매영상 대보마그네틱,29,,,,,,,,
2381,2019-02-02T12:32:06Z,[주식] 일진다이아 수소전기차 테마의 첫 시작은 언제?,28,,,,,,,,
2101,2019-04-22T13:56:16Z,외부감사 의견거절이 늘어난 이유?? 종목사례도 살펴보자. 분석내용이 다소 부족하니 안 보셔도 됩니다,28,,,,,,,,
2496,2018-10-23T09:48:46Z,빅토리의91번째주식단타매매영상,28,,,,,,,,
2571,2018-10-09T05:56:43Z,빅토리의17번째주식단타매매영상,27,,,,,,,,
2288,2019-02-23T02:21:39Z,한국전력 적자전환 이유는 LNG와 석탄 발전을 늘렸기 때문인데 LNG는 삼성중공업과도 연관이 있다!,27,,,,,,,,
2473,2018-10-29T08:43:14Z,빅토리의113번째주식단타매매영상 남선알미늄,27,,,,,,,,
2333,2019-02-12T10:43:42Z,"LG전자, 7만원 돌파, 외인 기관 순매수",27,,,,,,,,
2246,2019-03-15T12:47:50Z,삼성전자 DRAM에 대한 간략 설명,27,,,,,,,,
2585,2018-10-05T02:31:26Z,빅토리의6번째주식단타매매영상,26,,,,,,,,
2255,2019-03-03T04:47:50Z,내일(3/4) 한국증시는 어떻게 움질일까? 3월 이슈 기사를 읽어본다,26,,,,,,,,
2192,2019-04-08T10:19:18Z,수급단타왕 라이온 매매내역 케이엠,26,,,,,,,,
2165,2019-04-10T15:17:48Z,강팔 한경닷컴 스타워즈 NICE평가정보,26,,,,,,,,
2223,2019-03-23T12:15:48Z,"나스닥 하락이유, 장단기 금리 역전, 세계 경제 지표 부진",25,,,,,,,,
2284,2019-02-23T07:21:48Z,"주식공부 쉽게 하는법, OX문제를 풀자",25,,,,,,,,
2276,2019-02-24T06:26:25Z,"증권거래세 최신 뉴스, 거래세 폐지까지 갈 길이 멀다.",25,,,,,,,,
2414,2018-11-11T13:36:08Z,빅토리의166번째주식단타매매영상 한창제지,25,,,,,,,,
1833,2019-08-17T06:58:13Z,나스닥 주포 트럼프 | 트럼프 트위터 소개 및 검색하는 법,25,,,,,,,,
2243,2019-03-18T02:00:53Z,호텔신라 적자 마카오 현지법인 청산과 중국 관광객 증가 호재로 상승!!,24,,,,,,,,
2524,2018-10-14T04:38:25Z,빅토리의64번째주식단타매매영상,24,,,,,,,,
2256,2019-03-03T00:08:16Z,"북미정상회담결렬에 따른 한국증시와 베트남증시 흐름, 그리고 외신보도에 대하여",24,,,,,,,,
2574,2018-10-08T10:20:09Z,빅토리의14번째주식단타매매영상,24,,,,,,,,
2445,2018-11-05T11:32:07Z,빅토리의137번째주식단타매매영상 인트론바이오,24,,,,,,,,
2226,2019-03-23T01:57:54Z,"아난티, 2대주주 블록딜 소식에 급락",23,,,,,,,,
2573,2018-10-09T01:10:40Z,빅토리의15번째주식단타매매영상,23,,,,,,,,
2579,2018-10-06T05:55:08Z,빅토리의12번째주식단타매매영상,23,,,,,,,,
2450,2018-11-05T07:23:26Z,빅토리의132번째주식단타매매영상 남선알미늄,22,,,,,,,,
2439,2018-11-05T12:09:37Z,빅토리의143번째주식단타매매영상 옵티팜,22,,,,,,,,
2330,2019-02-15T04:39:04Z,한국콜마 화장품 어닝 서프라이즈,22,,,,,,,,
2279,2019-02-24T01:48:46Z,"코스피, 북미정상회담, 미중무역협상, MSCI 등 대형 이벤트가 다가온다!!",22,,,,,,,,
2378,2019-02-03T16:34:20Z,"[주식] 대한항공, 연기금 경영참여 안 하기로 결정하면서 외국인은 매도",21,,,,,,,,
2578,2018-10-06T06:03:44Z,빅토리의13번째주식단타매매영상,21,,,,,,,,
2447,2018-11-05T11:12:52Z,빅토리의135번째주식단타매매영상 한창제지,21,,,,,,,,
2325,2019-02-16T06:25:57Z,강원랜드 실적부진으로 급락,21,,,,,,,,
2479,2018-10-27T12:37:29Z,빅토리의107번째주식단타매매영상 한창제지,21,,,,,,,,
2470,2018-10-30T07:19:43Z,빅토리의116번째주식단타매매영상 만도,20,,,,,,,,
2168,2019-04-10T14:37:28Z,강팔 한경닷컴 스타워즈 신세계인터내셔날,20,,,,,,,,
2384,2019-02-02T08:27:14Z,한국화장품 중국 춘절 중국인 관광객 상승,20,,,,,,,,
2245,2019-03-15T13:16:55Z,삼성전자 Nand Flash에 대한 간략 설명,19,,,,,,,,
2383,2019-02-02T08:43:47Z,LG생활건강 영업이익 1조,19,,,,,,,,
2457,2018-10-31T10:22:17Z,빅토리의129번째주식단타매매영상 모비스,19,,,,,,,,
2485,2018-10-26T04:18:00Z,빅토리의101번째주식단타매매영상,19,,,,,,,,
2492,2018-10-24T03:35:05Z,빅토리의95번째주식단타매매영상,19,,,,,,,,
2208,2019-04-01T02:24:49Z,수급단타왕 라이온 매매내역 크린앤사이언스,19,,,,,,,,
2540,2018-10-13T05:15:36Z,빅토리의48번째주식단타매매영상,18,,,,,,,,
2471,2018-10-30T03:06:08Z,빅토리의115번째주식단타매매영상 네이처셀,18,,,,,,,,
2263,2019-02-26T03:05:45Z,"다나와, 꾸준히 성장하는 전자상거래 기업!!",18,,,,,,,,
2588,2018-10-04T11:02:07Z,빅토리의3번째주식단타매매영상,18,,,,,,,,
2150,2019-04-13T00:55:33Z,"에이티넘인베스트먼트, 수급단타왕 라이온 매매내역 분석",18,,,,,,,,
2464,2018-10-30T14:31:56Z,빅토리의122번째주식단타매매영상 남선알미늄,17,,,,,,,,
2394,2019-02-02T00:02:42Z,빅토리의13번째주식공부영상 아마존,17,,,,,,,,
2174,2019-04-10T06:30:37Z,강팔 한경닷컴 스타워즈 매일유업,17,,,,,,,,
2449,2018-11-05T10:11:12Z,빅토리의133번째주식단타매매영상 남선알미늄,17,,,,,,,,
2277,2019-02-24T06:14:09Z,"워런버핏 근황, 계좌와 시장을 바라 보는 시각을 엿본다!!",17,,,,,,,,
2415,2018-11-11T12:51:13Z,빅토리의165번째주식단타매매영상 콤텍시스템,17,,,,,,,,
2261,2019-02-26T03:38:48Z,코스피 방향성은? 여러 가지 경우를 대비. 급등한 가계부채는 금리인상 시에 부담이 될 수 있다.,16,,,,,,,,
2173,2019-04-10T06:51:50Z,강팔 한경닷컴 스타워즈 아프리카TV,16,,,,,,,,
2443,2018-11-05T11:47:39Z,빅토리의139번째주식단타매매영상 노바텍,16,,,,,,,,
2248,2019-03-10T03:37:31Z,금융위기? 경기침체? 유동성을 확보하려는 기업들,16,,,,,,,,
2565,2018-10-09T08:28:49Z,빅토리의23번째주식단타매매영상,16,,,,,,,,
2489,2018-10-25T01:40:00Z,빅토리의97번째주식단타매매영상,16,,,,,,,,
2405,2018-11-14T12:42:08Z,빅토리의174번째주식단타매매영상 KODEX코스닥150선물인버스,16,,,,,,,,
2569,2018-10-09T06:20:54Z,빅토리의19번째주식단타매매영상,16,,,,,,,,
2395,2019-02-01T23:44:32Z,빅토리의12번째주식공부영상 코스피,15,,,,,,,,
2460,2018-10-31T02:22:20Z,빅토리의126번째주식단타매매영상 보해양조,15,,,,,,,,
2270,2019-02-24T12:38:54Z,미중무역협상 이틀연장은 과거에도 시장에서 호재로 받아들였다!!,15,,,,,,,,
2338,2019-02-10T05:19:05Z,코스피 하락 이유,14,,,,,,,,
2474,2018-10-29T07:27:13Z,빅토리의112번째주식단타매매영상 보해양조,14,,,,,,,,
2475,2018-10-28T13:17:52Z,빅토리의111번째주식단타매매영상 옵티팜,14,,,,,,,,
2380,2019-02-02T12:48:07Z,[주식] 일진다이아 1월 21일 상한가를 가다.,14,,,,,,,,
2568,2018-10-09T06:30:06Z,빅토리의20번째주식단타매매영상,14,,,,,,,,
2410,2018-11-13T04:06:08Z,빅토리의170번째주식단타매매영상 셀트리온,14,,,,,,,,
2166,2019-04-10T15:00:24Z,강팔 한경닷컴 스타워즈 CS,14,,,,,,,,
2542,2018-10-12T13:53:05Z,빅토리의46번째주식단타매매영상,14,,,,,,,,
2228,2019-03-20T11:59:05Z,"위닉스, 3월6일 갭상승 후 상승추세. 미세먼지테마주, 공기청정기 실적 나오는 시기.",14,,,,,,,,
2272,2019-02-24T12:09:51Z,영상을 찍는 이유,14,,,,,,,,
2562,2018-10-10T09:14:25Z,빅토리의26번째주식단타매매영상,14,,,,,,,,
2536,2018-10-13T09:43:09Z,빅토리의52번째주식단타매매영상,13,,,,,,,,
2566,2018-10-09T08:17:37Z,빅토리의22번째주식단타매매영상,13,,,,,,,,
2431,2018-11-07T13:52:30Z,빅토리의151번째주식단타매매영상 보해양조,13,,,,,,,,
2570,2018-10-09T06:07:47Z,빅토리의18번째주식단타매매영상,13,,,,,,,,
2517,2018-10-14T12:20:36Z,빅토리의71번째주식단타매매영상,13,,,,,,,,
2532,2018-10-13T14:59:32Z,빅토리의56번째주식단타매매영상,13,,,,,,,,
2465,2018-10-30T13:53:44Z,빅토리의121번째주식단타매매영상 DB라이텍,13,,,,,,,,
2559,2018-10-10T11:55:33Z,빅토리의29번째주식단타매매영상,13,,,,,,,,
2286,2019-02-23T03:36:53Z,실시간방송요청 댓글에 대한 답변영상입니다. 1~2달 안에 도전해보겠습니다.,13,,,,,,,,
2582,2018-10-06T05:27:10Z,빅토리의9번째주식단타매매영상,12,,,,,,,,
2509,2018-10-15T13:10:49Z,빅토리의79번째주식단타매매영상,12,,,,,,,,
2561,2018-10-10T09:23:12Z,빅토리의27번째주식단타매매영상,12,,,,,,,,
2494,2018-10-23T12:36:07Z,빅토리의93번째주식단타매매영상,12,,,,,,,,
2557,2018-10-10T12:50:06Z,빅토리의31번째주식단타매매영상,12,,,,,,,,
2584,2018-10-06T03:34:56Z,빅토리의7번째주식단타매매영상,12,,,,,,,,
2382,2019-02-02T12:15:48Z,빅토리의25번째주식공부영상 현대차,12,,,,,,,,
2486,2018-10-25T14:19:44Z,빅토리의100번째주식단타매매영상,12,,,,,,,,
2458,2018-10-31T05:32:20Z,빅토리의128번째주식단타매매영상 보해양조,12,,,,,,,,
2482,2018-10-26T13:03:40Z,빅토리의104번째주식단타매매영상,12,,,,,,,,
2563,2018-10-09T08:48:57Z,빅토리의25번째주식단타매매영상,11,,,,,,,,
2236,2019-03-19T14:21:01Z,"삼성전자, 중국 반도체 굴기, 변동성 줄고 수렴 후 방향 정할 것으로 보인다.",11,,,,,,,,
2520,2018-10-14T05:35:37Z,빅토리의68번째주식단타매매영상,11,,,,,,,,
2567,2018-10-09T08:04:10Z,빅토리의21번째주식단타매매영상,11,,,,,,,,
2549,2018-10-11T14:18:44Z,빅토리의39번째주식단타매매영상,11,,,,,,,,
2274,2019-02-24T06:52:20Z,현재 경제 상황은?? 작년 GDP 대비 가계 부채 최고,11,,,,,,,,
2537,2018-10-13T09:12:07Z,빅토리의51번째주식단타매매영상,11,,,,,,,,
2498,2018-10-20T13:31:06Z,빅토리의90번째주식단타매매영상,11,,,,,,,,
2267,2019-02-25T13:45:05Z,PER 급상승도 좋은 매수 신호가 될 수 있다??,11,,,,,,,,
2495,2018-10-23T11:47:00Z,빅토리의92번째주식단타매매영상,10,,,,,,,,
2507,2018-10-15T13:46:16Z,빅토리의81번째주식단타매매영상,10,,,,,,,,
2291,2019-02-22T02:02:15Z,"SK하이닉스, 반도체 수출 감소 이유 중 하나인 미중무역분쟁은 현재 긍정적인 상태다!!",10,,,,,,,,
2535,2018-10-13T10:21:15Z,빅토리의53번째주식단타매매영상,10,,,,,,,,
2533,2018-10-13T14:14:58Z,빅토리의55번째주식단타매매영상,10,,,,,,,,
2531,2018-10-13T15:09:48Z,빅토리의57번째주식단타매매영상,10,,,,,,,,
2552,2018-10-11T13:52:24Z,빅토리의36번째주식단타매매영상,10,,,,,,,,
2564,2018-10-09T08:41:31Z,빅토리의24번째주식단타매매영상,10,,,,,,,,
2523,2018-10-14T04:46:23Z,빅토리의65번째주식단타매매영상,9,,,,,,,,
2580,2018-10-06T05:48:31Z,빅토리의11번째주식단타매매영상,9,,,,,,,,
2436,2018-11-06T10:41:02Z,빅토리의146번째주식단타매매영상 보해양조,9,,,,,,,,
2317,2019-02-17T11:08:23Z,"코스닥150, 미중무역협상(2월15일)에 대한 트럼프의 평가",9,,,,,,,,
2530,2018-10-14T00:05:15Z,빅토리의58번째주식단타매매영상,9,,,,,,,,
2500,2018-10-20T10:49:11Z,빅토리의88번재주식단타매매영상,9,,,,,,,,
2444,2018-11-05T11:43:23Z,빅토리의138번째주식단타매매영상 남선알미늄,9,,,,,,,,
2481,2018-10-26T15:15:06Z,빅토리의105번째주식단타매매영상,8,,,,,,,,
2558,2018-10-10T12:37:13Z,빅토리의30번째주식단타매매영상,8,,,,,,,,
2283,2019-02-23T12:27:20Z,코스닥150이 월별로 양봉인지 음봉인지 통계를 살펴보자.,8,,,,,,,,
2505,2018-10-15T14:47:45Z,빅토리의83번째주식단타매매영상,8,,,,,,,,
2544,2018-10-11T15:03:05Z,빅토리의44번째주식단타매매영상,8,,,,,,,,
2438,2018-11-06T09:12:52Z,빅토리의144번째주식단타매매영상 보해양조,8,,,,,,,,
2583,2018-10-06T03:48:09Z,빅토리의8번째주식단타매매영상,8,,,,,,,,
2521,2018-10-14T05:23:11Z,빅토리의67번째주식단타매매영상,8,,,,,,,,
2480,2018-10-27T03:18:16Z,빅토리의106번째주식단타매매영상 진양화학,8,,,,,,,,
2404,2018-11-14T12:55:29Z,빅토리의175번째주식단타매매영상 KODEX코스닥150선물인버스,8,,,,,,,,
2403,2018-11-14T13:35:53Z,빅토리의176번째주식단타매매영상 KODEX코스닥150선물인버스,8,,,,,,,,
2499,2018-10-20T13:21:00Z,빅토리의89번째주식단타매매영상,8,,,,,,,,
2240,2019-03-19T11:39:33Z,"아프리카TV 전고점 돌파, 외국인 기관 순매수",7,,,,,,,,
2560,2018-10-10T11:48:25Z,빅토리의28번째주식단타매매영상,7,,,,,,,,
2554,2018-10-10T13:24:40Z,빅토리의34번째주식단타매매영상,7,,,,,,,,
2543,2018-10-11T15:06:36Z,빅토리의45번째주식단타매매영상,7,,,,,,,,
2487,2018-10-25T05:33:45Z,빅토리의99번째주식단타매매영상,7,,,,,,,,
2546,2018-10-11T14:39:20Z,빅토리의42번째주식단타매매영상,6,,,,,,,,
2541,2018-10-13T04:58:08Z,빅토리의47번째주식단타매매영상,6,,,,,,,,
2555,2018-10-10T13:08:26Z,빅토리의33번째주식단타매매영상,6,,,,,,,,
2538,2018-10-13T06:36:53Z,빅토리의50번째주식단타매매영상,6,,,,,,,,
2553,2018-10-11T13:46:47Z,빅토리의35번째주식단타매매영상,6,,,,,,,,
2441,2018-11-05T11:56:56Z,빅토리의141번째주식단타매매영상 남선알미늄,6,,,,,,,,
2572,2018-10-09T01:24:47Z,빅토리의16번째주식단타매매영상,6,,,,,,,,
2522,2018-10-14T04:50:58Z,빅토리의66번째주식단타매매영상,6,,,,,,,,
2502,2018-10-18T13:02:50Z,빅토리의86번째주식단타매매영상,6,,,,,,,,
2581,2018-10-06T05:38:53Z,빅토리의10번째주식단타매매영상,6,,,,,,,,
2515,2018-10-14T14:49:01Z,빅토리의73번째주식단타매매영상,6,,,,,,,,
2252,2019-03-03T12:28:35Z,[주식]  최신뉴스 이것저것2,6,,,,,,,,
2251,2019-03-04T13:30:05Z,[주식] 최신뉴스 이것저것,6,,,,,,,,
2528,2018-10-14T00:29:59Z,빅토리의60번째주식단타매매영상,6,,,,,,,,
2229,2019-03-20T11:42:29Z,GS건설 2018.04.09 갭상승 후 우상향과 실적(어닝서프라이즈),5,,,,,,,,
2519,2018-10-14T05:40:55Z,빅토리의69번째주식단타매매영상,5,,,,,,,,
2548,2018-10-11T14:24:22Z,빅토리의40번째주식단타매매영상,5,,,,,,,,
2526,2018-10-14T00:47:40Z,빅토리의62번째주식단타매매영상,5,,,,,,,,
2513,2018-10-15T11:11:48Z,빅토리의75번째주식단타매매영상,5,,,,,,,,
2529,2018-10-14T00:12:59Z,빅토리의59번째주식단타매매영상,5,,,,,,,,
2506,2018-10-15T14:35:04Z,빅토리의82번째주식단타매매영상,5,,,,,,,,
2504,2018-10-17T12:05:18Z,빅토리의84번째주식단타매매영상,5,,,,,,,,
2249,2019-03-09T06:04:41Z,[주식] 최신 뉴스를 살펴보겠습니다.,5,,,,,,,,
2302,2019-02-20T03:31:04Z,"북미정상회담 때 코스피, 코스닥은 상승했을까? 하락했을까?",5,,,,,,,,
2241,2019-03-19T11:28:56Z,"호텔신라 대신증권에서 목표가 상향, 당일 조정에 외국인, 기관 매수세 모두 들어왔다.",5,,,,,,,,
2266,2019-02-25T13:58:31Z,"북미정상회담, 27일 장중이 아닌 27일 저녁부터 시작",4,,,,,,,,
2285,2019-02-23T04:49:34Z,어닝쇼크 4분기에 매년 반복되는 이유??,4,,,,,,,,
2233,2019-03-19T23:50:42Z,"아난티, 김정은 장중 입장발표할 수 있으므로 조심!!",4,,,,,,,,
2237,2019-03-19T14:11:26Z,"코스닥150, 코스피, 미중무역협상연기, 장기전",4,,,,,,,,
2289,2019-02-22T02:44:16Z,FOMC 회의(3월19일)에서 통화긴축에 대한 중대한 결정이 나올 수 있다!!,4,,,,,,,,
2501,2018-10-18T13:15:06Z,빅토리의87번째주식단타매매영상,4,,,,,,,,
2483,2018-10-26T11:46:49Z,빅토리의103번째주식단타매매영상,4,,,,,,,,
2508,2018-10-15T13:31:36Z,빅토리의80번째주식단타매매영상,4,,,,,,,,
2514,2018-10-15T10:32:14Z,빅토리의74번째주식단타매매영상,4,,,,,,,,
2547,2018-10-11T14:33:41Z,빅토리의41번째주식단타매매영상,4,,,,,,,,
2484,2018-10-26T11:16:55Z,빅토리의102번째주식단타매매영상,4,,,,,,,,
2304,2019-02-19T06:04:50Z,아마존은 수익나기까지 7년이 걸렸다!!,4,,,,,,,,
2516,2018-10-14T14:25:57Z,빅토리의72번째주식단타매매영상,3,,,,,,,,
2556,2018-10-10T13:06:52Z,빅토리의32번째주식단타매매영상,3,,,,,,,,
2518,2018-10-14T09:28:41Z,빅토리의70번째주식단타매매영상,3,,,,,,,,
2525,2018-10-14T01:01:33Z,빅토리의63번째주식단타매매영상,3,,,,,,,,
2534,2018-10-13T14:03:48Z,빅토리의54번째주식단타매매영상,3,,,,,,,,
2490,2018-10-25T01:03:46Z,빅토리의96번째주식단타매매영상,3,,,,,,,,
2550,2018-10-11T14:11:33Z,빅토리의38번째주식단타매매영상,3,,,,,,,,
2551,2018-10-11T14:04:23Z,빅토리의37번째주식단타매매영상,3,,,,,,,,
2493,2018-10-23T14:10:36Z,빅토리의94번째주식단타매매영상,2,,,,,,,,
2539,2018-10-13T05:50:16Z,빅토리의49번째주식단타매매영상,2,,,,,,,,
2545,2018-10-11T14:54:26Z,빅토리의43번째주식단타매매영상,2,,,,,,,,
2511,2018-10-15T11:46:52Z,빅토리의77번째주식단타매매영상,2,,,,,,,,
2510,2018-10-15T11:55:49Z,빅토리의78번째주식단타매매영상,2,,,,,,,,
2503,2018-10-17T12:17:52Z,빅토리의85번째주식단타매매영상,2,,,,,,,,
2244,2019-03-18T01:48:40Z,"KOSPI 미중무역협상, 연준 금리 결정 이슈를 주목하자",2,,,,,,,,
2253,2019-03-03T12:01:29Z,[주식] 최신뉴스 이것저것,1,,,,,,,,
2446,2018-11-05T11:17:26Z,빅토리의136번째주식단타매매영상 남선알미늄,1,,,,,,,,
2512,2018-10-15T11:24:03Z,빅토리의76번째주식단타매매영상,1,,,,,,,,
2527,2018-10-14T00:38:23Z,빅토리의61번째주식단타매매영상,1,,,,,,,,
2230,2019-03-20T02:34:02Z,"아프리카TV, 하락장에 강력한 상승, 아마도 결산보고서 실적 기대감에 상승?",1,,,,,,,,
2488,2018-10-25T04:05:59Z,빅토리의98번째주식단타매매영상,0,,,,,,,,
